date, pm25, o3, so2, co
2024/11/1, 15, 27, , 1
2024/11/2, 22, 19, , 
2024/11/3, 23, 22, , 
2024/11/4, 18, 23, , 
2024/11/5, 17, 19, , 
2024/11/6, 13, 27, , 
2024/11/7, 18, 13, , 
2024/11/8, 31, , , 
2024/10/1, 21, 30, , 1
2024/10/2, 18, 36, , 1
2024/10/3, 23, 37, , 1
2024/10/4, 25, 51, , 1
2024/10/5, 34, 24, , 1
2024/10/6, 43, 35, , 1
2024/10/7, 20, 35, , 1
2024/10/8, 22, 41, , 1
2024/10/9, 31, 44, , 1
2024/10/10, 36, 46, , 1
2024/10/11, 41, 43, , 1
2024/10/12, 45, 30, , 1
2024/10/13, 31, 28, , 1
2024/10/14, 9, 21, , 1
2024/10/15, 11, 27, , 1
2024/10/16, 13, 34, , 1
2024/10/17, 17, 36, , 1
2024/10/18, 19, 39, , 1
2024/10/19, 23, 42, , 1
2024/10/20, 35, 45, , 1
2024/10/21, 41, 40, , 1
2024/10/22, 39, 22, , 1
2024/10/23, 50, 31, , 1
2024/10/24, 18, 28, , 1
2024/10/25, 24, 29, , 1
2024/10/26, 16, 34, , 1
2024/10/27, 17, 35, , 1
2024/10/28, 29, 37, , 1
2024/10/29, 48, 36, , 1
2024/10/30, 51, 22, , 1
2024/10/31, 17, 25, , 1
2024/7/1, 10, 53, 1, 1
2024/7/2, 16, 36, 1, 1
2024/7/3, 14, 43, 1, 1
2024/7/4, 13, 38, 1, 
2024/7/5, 17, 36, 1, 1
2024/7/6, 21, 43, 1, 1
2024/7/7, 49, 44, 1, 
2024/7/8, 44, 40, , 1
2024/7/9, 15, 36, , 1
2024/7/10, 31, 43, , 1
2024/7/11, 40, 43, , 
2024/7/12, 41, 37, , 1
2024/7/13, 48, 29, , 
2024/7/14, 51, 33, , 
2024/7/15, 42, 36, , 
2024/7/16, 14, 32, , 
2024/7/17, 37, 33, , 
2024/7/18, 19, 35, , 1
2024/7/19, 21, 44, , 1
2024/7/20, 30, 45, , 1
2024/7/21, 37, 47, , 
2024/7/22, 41, 36, , 1
2024/7/23, 36, 34, , 
2024/7/24, 46, 35, , 1
2024/7/25, 48, 37, , 1
2024/7/26, 28, 43, , 
2024/7/27, 46, 22, , 1
2024/7/28, 34, 32, , 1
2024/7/29, 28, 33, , 1
2024/7/30, 27, 30, , 1
2024/7/31, 17, 27, , 1
2024/8/1, 15, 39, , 1
2024/8/2, 21, 30, , 1
2024/8/3, 44, 33, , 1
2024/8/4, 35, 33, , 
2024/8/5, 43, 29, , 1
2024/8/6, 47, 24, , 1
2024/8/7, 24, 37, , 1
2024/8/8, 23, 25, , 1
2024/8/9, 21, 21, , 
2024/8/10, 15, 27, , 1
2024/8/11, 23, 30, , 1
2024/8/12, 37, 35, , 1
2024/8/13, 38, 38, , 1
2024/8/14, 29, 27, , 1
2024/8/15, 35, 41, , 1
2024/8/16, 24, 21, , 1
2024/8/17, 20, 24, , 1
2024/8/18, 24, 32, , 1
2024/8/19, 48, 26, , 1
2024/8/20, 30, 33, , 1
2024/8/21, 18, 36, , 1
2024/8/22, 23, 41, , 1
2024/8/23, 34, 34, , 1
2024/8/24, 46, 43, , 1
2024/8/25, 49, 40, , 1
2024/8/26, 51, 40, , 1
2024/8/27, 57, 33, , 1
2024/8/28, 15, 39, , 1
2024/8/29, 28, 39, , 1
2024/8/30, 52, 28, , 1
2024/8/31, 18, 29, , 1
2024/9/1, 25, 28, , 1
2024/9/2, 16, 32, , 1
2024/9/3, 14, 38, , 1
2024/9/4, 20, 42, , 1
2024/9/5, 42, 28, , 1
2024/9/6, 27, 24, , 1
2024/9/7, 10, 32, , 1
2024/9/8, 11, 36, , 1
2024/9/9, 13, 41, , 1
2024/9/10, 16, 50, , 1
2024/9/11, 23, 47, , 1
2024/9/12, 34, 30, , 1
2024/9/13, 21, 31, , 1
2024/9/14, 21, 31, , 1
2024/9/15, 21, 35, , 1
2024/9/16, 30, 48, , 1
2024/9/17, 37, 59, , 1
2024/9/18, 34, 53, , 1
2024/9/19, 31, 44, , 1
2024/9/20, 28, 38, , 1
2024/9/21, 28, 25, , 1
2024/9/22, 22, 15, , 1
2024/9/23, 18, 18, , 1
2024/9/24, 19, 34, , 1
2024/9/25, 18, 34, , 1
2024/9/26, 18, 28, , 1
2024/9/27, 21, 23, , 1
2024/9/28, 25, 27, , 1
2024/9/29, 21, 22, , 1
2024/9/30, 21, 31, , 1
2024/4/1, 23, 32, , 1
2024/4/2, 10, 32, , 1
2024/4/3, 3, 28, , 1
2024/4/4, 4, 27, , 1
2024/4/5, 9, 38, , 1
2024/4/6, 12, 33, , 1
2024/4/7, 14, 41, , 1
2024/4/8, 20, 33, , 1
2024/4/9, 15, 33, , 1
2024/4/10, 12, 38, , 1
2024/4/11, 16, 35, , 1
2024/4/12, 12, 43, , 
2024/4/13, 16, 45, , 1
2024/4/14, 27, 48, 1, 1
2024/4/15, 28, 37, 1, 1
2024/4/16, 31, 35, , 1
2024/4/17, 13, 34, 1, 1
2024/4/18, 18, 35, , 1
2024/4/19, 15, 30, , 
2024/4/20, 12, 39, , 1
2024/4/21, 16, 43, , 
2024/4/22, 22, 29, , 1
2024/4/23, 21, 32, , 
2024/4/24, 21, 34, , 
2024/4/25, 26, 44, , 
2024/4/26, 25, 38, , 1
2024/4/27, 25, 36, , 1
2024/4/28, 40, 44, , 
2024/4/29, 18, 41, , 
2024/4/30, 12, 44, , 2
2024/5/1, 15, 43, 1, 1
2024/5/2, 22, 41, 1, 1
2024/5/3, 13, 46, 1, 
2024/5/4, 18, 39, , 1
2024/5/5, 14, 41, 1, 
2024/5/6, 16, 40, 1, 1
2024/5/7, 19, 38, 1, 
2024/5/8, 15, 28, 1, 
2024/5/9, 17, 33, 1, 
2024/5/10, 19, 40, 1, 
2024/5/11, 16, 48, 1, 
2024/5/12, 24, 41, 1, 1
2024/5/13, 30, 33, 1, 1
2024/5/14, 29, 39, 1, 1
2024/5/15, 43, 38, 1, 1
2024/5/16, 28, 45, 1, 1
2024/5/17, 25, 48, 1, 1
2024/5/18, 23, 46, 1, 
2024/5/19, 30, 46, 1, 1
2024/5/20, 32, 44, 1, 1
2024/5/21, 39, 41, 1, 1
2024/5/22, 15, 47, 1, 
2024/5/23, 23, 56, 1, 
2024/5/24, 26, 44, 1, 1
2024/5/25, 12, 46, 1, 1
2024/5/26, 21, 44, 1, 
2024/5/27, 11, 40, 1, 1
2024/5/28, 11, 35, 1, 
2024/5/29, 12, 42, 1, 1
2024/5/30, 14, 48, 1, 1
2024/5/31, 19, 33, 1, 1
2024/6/1, 17, 35, 1, 1
2024/6/2, 20, 44, 1, 1
2024/6/3, 28, 37, 1, 1
2024/6/4, 31, 39, 1, 1
2024/6/5, 17, 41, 1, 1
2024/6/6, 13, 44, 1, 1
2024/6/7, 16, 38, 1, 1
2024/6/8, 16, 43, , 
2024/6/9, 13, 37, , 
2024/6/10, 15, 44, 1, 1
2024/6/11, 17, 51, 1, 1
2024/6/12, 24, 49, 1, 1
2024/6/13, 35, 59, 1, 1
2024/6/14, 16, 58, 1, 
2024/6/15, 23, 55, 1, 1
2024/6/16, 45, 38, 1, 1
2024/6/17, 51, 28, 1, 1
2024/6/18, 26, 47, 1, 1
2024/6/19, 44, 48, 2, 1
2024/6/20, 55, 52, 1, 
2024/6/21, 49, 42, , 
2024/6/22, 41, 39, 1, 
2024/6/23, 17, 49, 1, 1
2024/6/24, 13, 36, 1, 1
2024/6/25, 18, 41, 1, 1
2024/6/26, 15, 39, , 1
2024/6/27, 16, 43, 1, 1
2024/6/28, 28, 36, 1, 1
2024/6/29, 34, 32, 1, 
2024/6/30, 10, 37, , 1
2024/1/1, 13, 18, , 1
2024/1/2, 25, 18, , 1
2024/1/3, 34, 21, , 1
2024/1/4, 22, 18, , 1
2024/1/5, 34, 14, , 1
2024/1/6, 37, 12, , 1
2024/1/7, 47, 14, , 1
2024/1/8, 36, 20, , 1
2024/1/9, 8, 23, , 1
2024/1/10, 26, 23, , 
2024/1/11, 41, 25, , 1
2024/1/12, 27, 20, , 1
2024/1/13, 19, 24, , 1
2024/1/14, 15, 24, , 1
2024/1/15, 16, 28, , 1
2024/1/16, 12, 24, , 1
2024/1/17, 16, 28, , 
2024/1/18, 24, 26, , 1
2024/1/19, 25, 23, , 1
2024/1/20, 25, 24, , 1
2024/1/21, 27, 23, , 
2024/1/22, 25, 21, , 1
2024/1/23, 31, 12, , 1
2024/1/24, 14, 4, , 2
2024/1/25, 20, , , 2
2024/1/26, 20, , , 2
2024/1/27, 21, , , 1
2024/1/28, 17, , , 1
2024/1/29, 37, , , 1
2024/1/30, 35, , , 1
2024/1/31, 24, 16, , 1
2024/2/1, 26, 20, , 1
2024/2/2, 43, 15, , 1
2024/2/3, 33, 18, , 1
2024/2/4, 38, 19, , 1
2024/2/5, 49, 14, , 1
2024/2/6, 56, 16, , 1
2024/2/7, 54, 31, , 1
2024/2/8, 30, 28, , 1
2024/2/9, 25, 16, , 1
2024/2/10, 16, 20, , 1
2024/2/11, 22, 23, , 1
2024/2/12, 34, 24, , 1
2024/2/13, 27, 29, , 1
2024/2/14, 25, 26, , 1
2024/2/15, 17, 26, , 
2024/2/16, 15, 29, , 1
2024/2/17, 16, 30, , 
2024/2/18, 20, 30, , 
2024/2/19, 26, 34, , 
2024/2/20, 38, 38, , 1
2024/2/21, 47, 35, , 1
2024/2/22, 46, 29, , 1
2024/2/23, 30, 31, , 1
2024/2/24, 11, 30, , 1
2024/2/25, 35, 37, , 1
2024/2/26, 47, 29, , 1
2024/2/27, 52, 25, , 1
2024/2/28, 16, 30, , 1
2024/2/29, 15, 24, , 1
2024/3/1, 31, 32, , 1
2024/3/2, 49, 33, , 1
2024/3/3, 42, 23, , 1
2024/3/4, 35, 22, , 1
2024/3/5, 30, 26, , 1
2024/3/6, 26, 19, , 1
2024/3/7, 33, 29, , 1
2024/3/8, 18, 29, , 1
2024/3/9, 16, 31, , 
2024/3/10, 10, 37, , 
2024/3/11, 21, 39, , 1
2024/3/12, 43, 40, , 
2024/3/13, 50, 35, , 1
2024/3/14, 28, 31, , 1
2024/3/15, 15, 34, , 
2024/3/16, 17, 31, , 
2024/3/17, 10, 27, , 1
2024/3/18, 12, 28, , 1
2024/3/19, 22, 33, , 1
2024/3/20, 13, 31, , 1
2024/3/21, 20, 32, , 1
2024/3/22, 39, 33, , 1
2024/3/23, 38, 32, , 1
2024/3/24, 25, 34, , 1
2024/3/25, 22, 31, , 1
2024/3/26, 13, 30, , 1
2024/3/27, 17, 40, , 1
2024/3/28, 34, 41, , 1
2024/3/29, 39, 38, , 1
2024/3/30, 36, 35, , 1
2024/3/31, 34, 19, , 1
2023/10/1, 34, 43, , 1
2023/10/2, 33, 45, , 1
2023/10/3, 37, 41, , 1
2023/10/4, 63, 25, , 1
2023/10/5, 46, 24, , 1
2023/10/6, 20, 23, , 1
2023/10/7, 13, 24, , 1
2023/10/8, 19, 26, , 1
2023/10/9, 17, 29, , 1
2023/10/10, 24, 35, , 1
2023/10/11, 33, 38, , 1
2023/10/12, 39, 23, , 1
2023/10/13, 34, 18, , 1
2023/10/14, 11, 20, , 1
2023/10/15, 9, 18, , 1
2023/10/16, 14, 30, , 1
2023/10/17, 22, 32, , 1
2023/10/18, 38, 21, , 1
2023/10/19, 40, 27, , 1
2023/10/20, 24, 29, , 1
2023/10/21, 24, 27, , 1
2023/10/22, 16, 29, , 1
2023/10/23, 20, 31, , 1
2023/10/24, 42, 23, , 1
2023/10/25, 40, 25, , 1
2023/10/26, 33, 21, , 1
2023/10/27, 30, 14, , 1
2023/10/28, 22, 15, , 1
2023/10/29, 24, 24, , 1
2023/10/30, 30, 21, , 1
2023/10/31, 27, 24, , 1
2023/11/1, 23, 26, , 1
2023/11/2, 25, 32, , 1
2023/11/3, 23, 31, , 1
2023/11/4, 39, 32, , 1
2023/11/5, 47, 30, , 3
2023/11/6, 35, 25, , 1
2023/11/7, 26, 28, , 1
2023/11/8, 31, 27, , 1
2023/11/9, 21, 24, , 1
2023/11/10, 22, 16, , 1
2023/11/11, 22, 24, , 1
2023/11/12, 28, 27, , 1
2023/11/13, 24, 27, , 1
2023/11/14, 25, 34, , 1
2023/11/15, 31, 32, , 1
2023/11/16, 33, 18, , 1
2023/11/17, 26, 26, , 1
2023/11/18, 21, 28, , 1
2023/11/19, 37, 15, , 1
2023/11/20, 39, 15, , 1
2023/11/21, 25, 14, , 1
2023/11/22, 34, 17, , 1
2023/11/23, 34, 21, , 1
2023/11/24, 20, 22, , 1
2023/11/25, 27, 19, , 1
2023/11/26, 38, 24, , 1
2023/11/27, 22, 22, , 1
2023/11/28, 26, 20, , 1
2023/11/29, 30, 25, , 1
2023/11/30, 40, 25, , 1
2023/12/1, 31, 14, , 1
2023/12/2, 23, 17, , 1
2023/12/3, 19, 19, , 1
2023/12/4, 26, 15, , 1
2023/12/5, 39, 17, , 1
2023/12/6, 40, 23, , 1
2023/12/7, 32, 23, , 1
2023/12/8, 29, 23, , 1
2023/12/9, 14, 17, , 1
2023/12/10, 15, 18, , 1
2023/12/11, 23, 21, , 1
2023/12/12, 18, 21, , 1
2023/12/13, 18, 24, , 1
2023/12/14, 28, 23, , 1
2023/12/15, 31, 19, , 1
2023/12/16, 25, 15, , 1
2023/12/17, 24, 24, , 1
2023/12/18, 17, 18, , 1
2023/12/19, 15, 17, , 1
2023/12/20, 26, 16, , 1
2023/12/21, 36, 20, , 1
2023/12/22, 53, 17, , 1
2023/12/23, 54, 22, , 1
2023/12/24, 45, 27, , 1
2023/12/25, 13, 21, , 1
2023/12/26, 11, 19, , 1
2023/12/27, 19, 16, , 
2023/12/28, 18, 12, , 
2023/12/29, 14, 16, , 
2023/12/30, 32, 17, , 
2023/12/31, 21, 20, , 1
2023/7/1, 28, 33, , 1
2023/7/2, 21, 38, , 1
2023/7/3, 48, 44, , 1
2023/7/4, 51, 37, , 1
2023/7/5, 41, 36, , 1
2023/7/6, 28, 37, , 1
2023/7/7, 21, 34, , 1
2023/7/8, 18, 40, , 1
2023/7/9, 24, 38, , 1
2023/7/10, 31, 41, , 1
2023/7/11, 37, 38, , 1
2023/7/12, 38, 38, , 1
2023/7/13, 16, 40, , 1
2023/7/14, 28, 38, , 1
2023/7/15, 37, 37, , 2
2023/7/16, 142, 38, , 1
2023/7/17, 91, 32, , 1
2023/7/18, 46, 43, , 1
2023/7/19, 45, 36, , 1
2023/7/20, 42, 37, , 1
2023/7/21, 26, 42, , 1
2023/7/22, 33, 40, , 1
2023/7/23, 45, 44, , 1
2023/7/24, 60, 46, , 2
2023/7/25, 70, 37, , 1
2023/7/26, 52, 41, , 1
2023/7/27, 55, 42, , 1
2023/7/28, 55, 35, , 1
2023/7/29, 17, 32, , 1
2023/7/30, 23, 35, , 1
2023/7/31, 22, 38, , 1
2023/8/1, 29, 33, 1, 1
2023/8/2, 31, 45, 1, 1
2023/8/3, 42, 40, 1, 1
2023/8/4, 43, 38, 1, 1
2023/8/5, 37, 36, 1, 1
2023/8/6, 35, 31, 1, 1
2023/8/7, 26, 29, 1, 1
2023/8/8, 48, 29, 1, 1
2023/8/9, 35, 35, 1, 1
2023/8/10, 31, 32, , 1
2023/8/11, 31, 34, 1, 1
2023/8/12, 20, 27, 1, 1
2023/8/13, 16, 25, , 1
2023/8/14, 16, 26, , 1
2023/8/15, 43, 36, , 1
2023/8/16, 47, 29, , 1
2023/8/17, 43, 32, , 2
2023/8/18, 51, 38, , 3
2023/8/19, 55, 29, , 2
2023/8/20, 49, 35, , 2
2023/8/21, 59, 37, , 2
2023/8/22, 65, 33, , 2
2023/8/23, 67, 40, , 1
2023/8/24, 67, 38, , 1
2023/8/25, 54, 10, , 1
2023/8/26, 34, 28, , 1
2023/8/27, 31, 39, , 1
2023/8/28, 51, 36, , 1
2023/8/29, 52, 31, , 1
2023/8/30, 24, 36, , 1
2023/8/31, 18, 32, , 1
2023/9/1, 22, 39, , 1
2023/9/2, 37, 29, , 1
2023/9/3, 31, 31, , 1
2023/9/4, 40, 31, 1, 1
2023/9/5, 20, 29, 1, 3
2023/9/6, 56, 12, 1, 2
2023/9/7, 46, 22, 1, 1
2023/9/8, 24, 29, 1, 1
2023/9/9, 31, 39, 1, 1
2023/9/10, 35, 40, 1, 1
2023/9/11, 33, 28, 1, 1
2023/9/12, 27, 35, 1, 1
2023/9/13, 30, 38, , 1
2023/9/14, 24, 46, 1, 1
2023/9/15, 30, 41, 1, 
2023/9/16, 33, 32, 1, 1
2023/9/17, 23, 30, 1, 1
2023/9/18, 33, 39, 1, 1
2023/9/19, 35, 45, 1, 1
2023/9/20, 37, 34, 1, 1
2023/9/21, 45, 42, 1, 1
2023/9/22, 49, 46, 1, 1
2023/9/23, 40, 48, 1, 1
2023/9/24, 30, 29, 1, 1
2023/9/25, 35, 36, 1, 1
2023/9/26, 23, 31, , 1
2023/9/27, 29, 32, , 1
2023/9/28, 29, 35, , 1
2023/9/29, 28, 42, , 1
2023/9/30, 31, 45, , 1
2023/4/1, 15, 36, 1, 1
2023/4/2, 19, 37, 1, 1
2023/4/3, 21, 28, 2, 1
2023/4/4, 42, 29, 1, 1
2023/4/5, 30, 36, , 1
2023/4/6, 20, 39, , 1
2023/4/7, 22, 42, 1, 1
2023/4/8, 36, 44, 1, 1
2023/4/9, 38, 49, 1, 1
2023/4/10, 38, 40, 2, 1
2023/4/11, 34, 43, 2, 1
2023/4/12, 37, 45, 1, 1
2023/4/13, 41, 39, 2, 1
2023/4/14, 42, 41, 2, 1
2023/4/15, 35, 28, 1, 1
2023/4/16, 8, 36, 1, 1
2023/4/17, 16, 44, 1, 1
2023/4/18, 28, 44, 1, 1
2023/4/19, 32, 40, 1, 1
2023/4/20, 35, 35, 1, 1
2023/4/21, 16, 31, 1, 1
2023/4/22, 13, 34, 1, 1
2023/4/23, 16, 41, 1, 1
2023/4/24, 32, 37, 1, 1
2023/4/25, 50, 38, 1, 1
2023/4/26, 36, 45, 1, 1
2023/4/27, 38, 45, 2, 1
2023/4/28, 40, 33, 2, 1
2023/4/29, 30, 26, 2, 1
2023/4/30, 18, 33, 2, 1
2023/5/1, 12, 36, 2, 1
2023/5/2, 16, 33, 1, 1
2023/5/3, 11, 44, 2, 1
2023/5/4, 24, 46, 1, 1
2023/5/5, 21, 39, 2, 1
2023/5/6, 30, 45, 2, 1
2023/5/7, 27, 45, 2, 1
2023/5/8, 25, 44, 2, 1
2023/5/9, 38, 46, 2, 1
2023/5/10, 22, 47, , 1
2023/5/11, 28, 36, , 1
2023/5/12, 41, 39, , 1
2023/5/13, 36, 41, , 1
2023/5/14, 39, 42, , 1
2023/5/15, 26, 46, , 1
2023/5/16, 34, 41, , 1
2023/5/17, 34, 51, , 1
2023/5/18, 34, 43, , 1
2023/5/19, 62, 37, , 1
2023/5/20, 41, 47, , 1
2023/5/21, 24, 57, , 1
2023/5/22, 31, 62, , 1
2023/5/23, 32, 74, , 1
2023/5/24, 43, 44, , 1
2023/5/25, 24, 45, , 1
2023/5/26, 20, 51, , 1
2023/5/27, 21, 55, , 1
2023/5/28, 27, 61, , 1
2023/5/29, 25, 58, , 1
2023/5/30, 29, 57, , 1
2023/5/31, 33, 50, 1, 1
2023/6/1, 40, 68, , 1
2023/6/2, 39, 71, 1, 1
2023/6/3, 50, 59, 1, 1
2023/6/4, 86, 55, 1, 1
2023/6/5, 79, 66, 1, 1
2023/6/6, 74, 49, 1, 1
2023/6/7, 74, 48, 1, 1
2023/6/8, 59, 41, 1, 1
2023/6/9, 49, 18, 1, 1
2023/6/10, 54, 35, 1, 1
2023/6/11, 54, 36, 1, 1
2023/6/12, 28, 43, 1, 1
2023/6/13, 29, 39, 1, 1
2023/6/14, 61, 62, 1, 1
2023/6/15, 72, 39, 1, 1
2023/6/16, 54, 56, 1, 2
2023/6/17, 67, 58, 1, 2
2023/6/18, 78, 54, 1, 1
2023/6/19, 74, 60, 1, 1
2023/6/20, 57, 53, , 1
2023/6/21, 55, 53, , 1
2023/6/22, 55, 56, , 1
2023/6/23, 59, 70, , 1
2023/6/24, 75, 42, , 1
2023/6/25, 38, 38, 5, 2
2023/6/26, 50, 57, 10, 6
2023/6/27, 153, 56, , 15
2023/6/28, 253, 36, , 5
2023/6/29, 115, , , 
2023/6/30, 39, 32, , 
2023/1/2, 41, 20, , 1
2023/1/3, 20, 24, , 
2023/1/4, 24, 21, , 1
2023/1/5, 30, 23, , 1
2023/1/6, 26, 20, , 1
2023/1/7, 52, 18, , 1
2023/1/8, 55, 20, , 1
2023/1/9, 57, 21, , 1
2023/1/10, 53, 16, , 1
2023/1/11, 65, 15, , 1
2023/1/12, 60, 22, , 1
2023/1/13, 37, 22, , 1
2023/1/14, 34, 21, , 1
2023/1/15, 38, 22, , 1
2023/1/16, 23, 16, , 1
2023/1/17, 40, 16, , 1
2023/1/18, 50, 22, , 1
2023/1/19, 23, 20, , 1
2023/1/20, 21, , , 1
2023/1/21, 27, , , 1
2023/1/22, 48, 21, , 1
2023/1/23, 47, 23, 1, 1
2023/1/24, 55, 22, , 1
2023/1/25, 53, 24, , 1
2023/1/26, 35, 22, , 1
2023/1/27, 22, 27, , 1
2023/1/28, 33, 20, , 1
2023/1/29, 40, 26, , 1
2023/1/30, 21, 26, , 1
2023/1/31, 22, 26, , 1
2023/2/1, 27, 30, , 1
2023/2/2, 43, 27, , 1
2023/2/3, 21, 25, , 1
2023/2/4, 27, 28, , 1
2023/2/5, 26, 27, , 1
2023/2/6, 48, 25, , 1
2023/2/7, 36, 20, , 1
2023/2/8, 47, 26, , 1
2023/2/9, 25, 29, , 1
2023/2/10, 44, 28, , 1
2023/2/11, 24, 30, , 1
2023/2/12, 27, 31, , 1
2023/2/13, 20, 31, 1, 1
2023/2/14, 29, 24, , 1
2023/2/15, 30, 25, 1, 1
2023/2/16, 39, 26, , 1
2023/2/17, 18, 29, , 1
2023/2/18, 22, 32, 1, 1
2023/2/19, 22, 32, 1, 1
2023/2/20, 40, 30, 1, 1
2023/2/21, 22, 21, 1, 1
2023/2/22, 19, 24, , 1
2023/2/23, 26, 25, , 1
2023/2/24, 31, 25, , 1
2023/2/25, 45, 30, , 1
2023/2/26, 57, 25, 1, 
2023/2/27, 40, 29, , 
2023/2/28, 41, 33, 1, 1
2023/3/1, 40, 29, 1, 1
2023/3/2, 35, 29, 1, 1
2023/3/3, 39, 29, 1, 1
2023/3/4, 50, 33, , 1
2023/3/5, 39, 34, 1, 1
2023/3/6, 34, 33, , 1
2023/3/7, 31, 31, , 1
2023/3/8, 18, 27, , 1
2023/3/9, 26, 30, , 1
2023/3/10, 27, 31, 1, 1
2023/3/11, 30, 31, 1, 1
2023/3/12, 30, 32, , 1
2023/3/13, 23, 35, , 1
2023/3/14, 20, 35, , 1
2023/3/15, 41, 33, 1, 1
2023/3/16, 51, 33, 1, 1
2023/3/17, 19, 26, , 1
2023/3/18, 18, 33, , 1
2023/3/19, 22, 37, , 1
2023/3/20, 48, 31, , 1
2023/3/21, 48, 27, 1, 1
2023/3/22, 60, 28, 1, 1
2023/3/23, 50, 28, 1, 1
2023/3/24, 40, 36, 1, 1
2023/3/25, 17, 38, 1, 1
2023/3/26, 31, 39, , 1
2023/3/27, 40, 39, , 1
2023/3/28, 30, 36, , 1
2023/3/29, 40, 38, 1, 1
2023/3/30, 46, 37, 1, 1
2023/3/31, 38, 33, 1, 1
2022/10/1, 30, 28, 1, 
2022/10/2, 29, 34, 1, 
2022/10/3, 17, 41, 1, 
2022/10/4, 28, 41, 1, 
2022/10/5, 27, 43, 1, 
2022/10/6, 30, 24, 1, 
2022/10/7, 17, 28, 1, 
2022/10/8, 19, 33, 1, 
2022/10/9, 25, 40, 1, 
2022/10/10, 34, 29, 1, 
2022/10/11, 41, 30, 1, 
2022/10/12, 41, 27, 1, 
2022/10/13, 28, 29, 1, 
2022/10/14, 28, 14, 1, 
2022/10/15, 19, 25, 1, 
2022/10/16, 31, 19, 1, 
2022/10/17, 16, 21, 1, 
2022/10/18, 13, 21, 1, 1
2022/10/19, 25, 31, 7, 
2022/10/20, 31, 41, , 1
2022/10/21, 51, 40, , 1
2022/10/22, 48, 36, , 1
2022/10/23, 42, 34, , 1
2022/10/24, 48, 22, , 1
2022/10/25, 42, 24, , 1
2022/10/26, 21, 24, , 1
2022/10/27, 29, 25, , 1
2022/10/28, 37, , , 
2022/10/29, 46, , , 
2022/10/30, 46, 10, , 1
2022/10/31, 41, 37, , 1
2022/11/1, 46, 37, , 1
2022/11/2, 56, 33, , 1
2022/11/3, 46, 34, , 1
2022/11/4, 52, 28, , 1
2022/11/5, 32, 26, , 1
2022/11/6, 22, 25, , 1
2022/11/7, 23, 21, , 1
2022/11/8, 41, 31, , 1
2022/11/9, 44, 33, , 1
2022/11/10, 46, 14, , 1
2022/11/11, 23, 13, , 1
2022/11/12, 21, 20, , 1
2022/11/13, 20, 22, , 1
2022/11/14, 35, 12, , 1
2022/11/15, 55, 16, , 1
2022/11/16, 49, 16, , 1
2022/11/17, 42, , , 
2022/11/18, 23, 21, , 1
2022/11/19, 23, 23, , 1
2022/11/20, 18, 23, , 1
2022/11/21, 36, 27, , 1
2022/11/22, 47, 30, , 1
2022/11/23, 56, 19, , 1
2022/11/24, 58, 21, , 1
2022/11/25, 52, 20, , 1
2022/11/26, 59, 23, , 1
2022/11/27, 35, 14, , 1
2022/11/28, 42, 23, , 1
2022/11/29, 46, 19, , 1
2022/11/30, 19, 17, , 
2022/12/1, 22, 22, , 1
2022/12/2, 22, 18, , 1
2022/12/3, 25, 18, , 1
2022/12/4, 30, 15, , 1
2022/12/5, 41, 7, , 1
2022/12/6, 60, 13, , 1
2022/12/7, 71, 12, , 1
2022/12/8, 90, 9, , 1
2022/12/9, 59, 8, , 1
2022/12/10, 61, 16, , 1
2022/12/11, 50, 17, , 1
2022/12/12, 51, 13, , 1
2022/12/13, 49, 20, , 1
2022/12/14, 30, 16, , 1
2022/12/15, 25, 19, , 1
2022/12/16, 25, 17, , 1
2022/12/17, 23, 19, , 1
2022/12/18, 20, 16, , 1
2022/12/19, 21, 13, , 1
2022/12/20, 39, 14, , 1
2022/12/21, 62, 21, , 1
2022/12/22, 55, 24, , 1
2022/12/23, 31, 27, , 
2022/12/24, 20, 27, , 1
2022/12/25, 10, 21, , 1
2022/12/26, 26, 22, , 1
2022/12/27, 38, 31, , 1
2022/12/28, 56, 23, , 1
2022/12/29, 33, 18, , 1
2022/12/30, 41, 16, , 1
2022/12/31, 49, 18, , 
2023/1/1, 52, 14, , 1
2022/7/1, 47, 41, 1, 
2022/7/2, 32, 48, 1, 1
2022/7/3, 40, 43, 1, 1
2022/7/4, 40, 38, 1, 1
2022/7/5, 43, 42, 1, 
2022/7/6, 32, 33, 1, 1
2022/7/7, 30, 32, 1, 1
2022/7/8, 18, 39, 1, 1
2022/7/9, 25, 46, 1, 1
2022/7/10, 28, 37, 1, 
2022/7/11, 29, 33, 1, 
2022/7/12, 22, 35, 1, 
2022/7/13, 23, 42, 1, 
2022/7/14, 29, 26, 1, 
2022/7/15, 27, 41, 1, 1
2022/7/16, 40, 32, 1, 1
2022/7/17, 47, 42, 1, 1
2022/7/18, 38, 39, 1, 1
2022/7/19, 35, 38, 1, 1
2022/7/20, 38, 35, 1, 
2022/7/21, 58, 37, 1, 
2022/7/22, 27, 39, 1, 
2022/7/23, 46, 32, 1, 
2022/7/24, 37, 23, 1, 
2022/7/25, 18, 29, 1, 
2022/7/26, 16, 27, 1, 
2022/7/27, 22, 31, 1, 
2022/7/28, 28, 29, 1, 
2022/7/29, 23, 31, 1, 
2022/7/30, 18, 37, 1, 
2022/7/31, 26, 33, 1, 
2022/8/1, 34, 31, 1, 
2022/8/2, 23, , , 
2022/8/3, 17, 34, 1, 
2022/8/4, 26, 33, 1, 
2022/8/5, 24, 27, 1, 
2022/8/6, 36, 24, 1, 9
2022/8/7, 25, 24, 1, 
2022/8/8, 32, 25, 1, 
2022/8/9, 19, 11, 1, 
2022/8/10, 35, 33, 1, 
2022/8/11, 24, 27, 1, 
2022/8/12, 22, 33, 1, 
2022/8/13, 25, 24, 1, 
2022/8/14, 37, 33, 1, 
2022/8/15, 34, 34, 1, 
2022/8/16, 37, 40, 1, 
2022/8/17, 33, 41, 1, 
2022/8/18, 36, 39, 1, 
2022/8/19, 33, 34, 1, 
2022/8/20, 34, 29, 1, 
2022/8/21, 24, 37, 1, 
2022/8/22, 29, 35, 1, 
2022/8/23, 25, 41, 1, 
2022/8/24, 29, 33, 1, 
2022/8/25, 31, 35, 1, 
2022/8/26, 26, 34, 1, 
2022/8/27, 30, 29, 1, 
2022/8/28, 31, 37, 1, 
2022/8/29, 27, 30, 1, 
2022/8/30, 29, 32, 1, 
2022/8/31, 40, 33, 1, 
2022/9/1, 36, 32, 1, 
2022/9/2, 36, 33, 1, 
2022/9/3, 41, 27, 1, 
2022/9/4, 30, 17, 1, 
2022/9/5, 40, 29, 1, 
2022/9/6, 39, 35, 1, 
2022/9/7, 36, 36, 1, 
2022/9/8, 31, 40, 1, 
2022/9/9, 31, 36, 1, 
2022/9/10, 42, 17, 1, 
2022/9/11, 23, 22, 1, 
2022/9/12, 23, 30, 1, 
2022/9/13, 21, 39, 1, 
2022/9/14, 21, 38, 1, 
2022/9/15, 28, 39, 1, 
2022/9/16, 38, 42, 1, 
2022/9/17, 47, 36, 1, 
2022/9/18, 50, 28, 1, 
2022/9/19, 33, 38, 1, 
2022/9/20, 40, 32, 1, 
2022/9/21, 32, 27, 1, 
2022/9/22, 17, 21, 1, 
2022/9/23, 13, 34, 1, 
2022/9/24, 24, 29, 1, 
2022/9/25, 22, 30, 1, 
2022/9/26, 18, 27, 1, 
2022/9/27, 17, 20, 1, 
2022/9/28, 14, 28, 1, 
2022/9/29, 17, 30, 1, 
2022/9/30, 28, 40, 1, 
2022/4/1, 21, 26, 1, 
2022/4/2, 27, 35, 1, 
2022/4/3, 22, 27, 1, 
2022/4/4, 22, 23, 1, 
2022/4/5, 22, 36, 1, 
2022/4/6, 21, 26, 1, 
2022/4/7, 12, 23, 1, 
2022/4/8, 11, , 1, 
2022/4/9, 17, , 1, 
2022/4/10, 22, 29, 1, 
2022/4/11, 36, 24, 1, 
2022/4/12, 35, 26, 1, 
2022/4/13, 27, 33, 1, 
2022/4/14, 24, 33, 1, 
2022/4/15, 22, 30, 1, 
2022/4/16, 16, 30, , 
2022/4/17, 18, 30, , 
2022/4/18, 22, 30, 1, 
2022/4/19, 21, 32, 1, 
2022/4/20, 22, 31, 1, 
2022/4/21, 23, 28, 1, 
2022/4/22, 35, 34, 1, 
2022/4/23, 46, 24, 1, 
2022/4/24, 33, 25, 1, 
2022/4/25, 22, 33, , 
2022/4/26, 18, 36, 1, 
2022/4/27, 32, 31, 1, 
2022/4/28, 27, 35, 1, 
2022/4/29, 31, 33, 1, 
2022/4/30, 44, 29, 1, 
2022/5/1, 18, 33, 1, 
2022/5/2, 27, 24, 1, 
2022/5/3, 27, 24, 1, 
2022/5/4, 23, 21, 1, 
2022/5/5, 21, 29, 1, 
2022/5/6, 14, 36, 1, 
2022/5/7, 25, 34, 1, 
2022/5/8, 24, 31, 1, 
2022/5/9, 30, 30, 1, 
2022/5/10, 53, 34, 1, 1
2022/5/11, 68, 46, 1, 
2022/5/12, 55, 21, , 
2022/5/13, 31, , , 
2022/5/14, 27, , , 
2022/5/15, 28, 43, 1, 
2022/5/16, 29, 44, 1, 
2022/5/17, 26, 33, 1, 
2022/5/18, 27, 39, 1, 
2022/5/19, 33, 32, 1, 
2022/5/22, 17, 37, 1, 
2022/5/23, 27, 28, 1, 
2022/5/24, 22, 20, 1, 
2022/5/25, 25, 29, 1, 
2022/5/26, 16, 20, 1, 
2022/5/27, 14, 33, 1, 
2022/5/28, 17, 37, 1, 
2022/5/29, 27, 45, 1, 
2022/5/30, 34, 40, 1, 
2022/5/31, 37, 31, 1, 
2022/6/1, 25, 46, 1, 
2022/6/2, 23, 49, 1, 
2022/6/3, 28, 57, 1, 
2022/6/4, 28, 56, 1, 
2022/6/5, 42, 43, 1, 
2022/6/6, 40, 43, 1, 
2022/6/7, 32, 39, 1, 
2022/6/8, 29, 48, 1, 
2022/6/9, 26, 38, 1, 
2022/6/10, 23, 44, 1, 
2022/6/11, 42, 39, 2, 
2022/6/12, 48, 41, 2, 
2022/6/13, 52, 46, 2, 
2022/6/14, 79, 39, 2, 
2022/6/15, 96, 49, 2, 
2022/6/16, 67, 45, 1, 
2022/6/17, 32, 40, 1, 
2022/6/18, 20, 53, 1, 
2022/6/19, 24, 69, 2, 
2022/6/20, 34, 52, 2, 
2022/6/21, 42, 46, 2, 
2022/6/22, 29, 52, 2, 
2022/6/23, 32, 58, 2, 
2022/6/24, 31, 46, 2, 
2022/6/25, 39, 36, 1, 
2022/6/26, 20, 41, 1, 
2022/6/27, 24, 46, 1, 
2022/6/28, 32, 57, 3, 
2022/6/29, 34, 64, 1, 
2022/6/30, 43, 46, 1, 
2022/1/3, 41, 20, 1, 
2022/1/4, 27, 21, 1, 
2022/1/5, 40, 21, 1, 
2022/1/6, 25, 19, 1, 
2022/1/7, 25, 16, 1, 
2022/1/8, 33, 26, 1, 
2022/1/9, 31, 24, 1, 
2022/1/10, 23, 20, 1, 
2022/1/11, 27, 14, 1, 
2022/1/12, 32, 16, 1, 1
2022/1/13, 57, 17, 1, 1
2022/1/14, 57, 22, 1, 
2022/1/15, 39, 22, 1, 1
2022/1/16, 37, 24, 1, 
2022/1/17, 43, 22, 1, 
2022/1/18, 25, 23, 1, 
2022/1/19, 27, 25, 1, 
2022/1/20, 22, 26, 1, 1
2022/1/21, 35, 23, 1, 
2022/1/22, 30, 26, 1, 
2022/1/23, 25, 26, 1, 
2022/1/24, 29, 27, 1, 
2022/1/25, 28, 26, 1, 
2022/1/26, 27, 20, 1, 
2022/1/27, 39, 24, 1, 
2022/1/28, 28, 25, 1, 1
2022/1/29, 24, 25, 1, 1
2022/1/30, 49, 26, 1, 1
2022/1/31, 65, 24, 1, 1
2022/2/1, 56, 24, 1, 
2022/2/2, 34, 28, 1, 1
2022/2/3, 22, 28, 1, 1
2022/2/4, 48, 29, 1, 1
2022/2/6, 57, 30, 1, 1
2022/2/7, 42, 34, 1, 1
2022/2/8, 50, 28, 1, 
2022/2/9, 20, 27, 1, 
2022/2/10, 19, 25, 1, 
2022/2/11, 24, 24, 1, 1
2022/2/12, 21, 27, 1, 1
2022/2/13, 22, 27, 1, 
2022/2/14, 39, 28, 1, 1
2022/2/15, 51, 31, 1, 1
2022/2/16, 44, 25, 1, 1
2022/2/17, 42, 30, 1, 1
2022/2/18, 22, 36, 1, 
2022/2/19, 18, 30, 1, 
2022/2/20, 23, 27, 1, 
2022/2/21, 26, 21, 1, 
2022/2/22, 19, 23, 1, 1
2022/2/23, 25, 19, 1, 
2022/2/24, 29, 31, 1, 
2022/2/25, 27, 33, 1, 
2022/2/26, 41, 31, 1, 
2022/2/27, 44, 32, 1, 
2022/2/28, 34, 32, 1, 1
2022/3/1, 47, 29, 1, 1
2022/3/2, 52, 29, 1, 1
2022/3/3, 34, 23, 1, 1
2022/3/4, 25, 37, 1, 1
2022/3/5, 40, 28, 1, 
2022/3/6, 41, 32, 1, 
2022/3/7, 34, 34, 1, 
2022/3/8, 33, 32, 1, 
2022/3/9, 42, 22, 1, 1
2022/3/10, 39, 35, 1, 1
2022/3/11, 35, 30, 1, 
2022/3/12, 13, 32, 1, 
2022/3/13, 24, 36, 1, 
2022/3/14, 26, 35, 1, 
2022/3/15, 40, 40, 1, 1
2022/3/16, 48, 36, 1, 1
2022/3/17, 52, 20, 2, 1
2022/3/18, 40, 22, 1, 1
2022/3/19, 18, 34, 1, 
2022/3/20, 24, 39, 1, 
2022/3/21, 29, 32, 1, 1
2022/3/22, 37, 24, 1, 1
2022/3/23, 20, 20, 1, 1
2022/3/24, 9, 28, 1, 
2022/3/25, 15, 27, , 
2022/3/26, 18, 29, , 
2022/3/27, 15, 31, , 
2022/3/28, 25, 26, 1, 
2022/3/29, 20, 27, 1, 
2022/3/30, 30, 26, 1, 
2022/3/31, 17, 32, , 
2021/10/1, 49, 21, , 
2021/10/2, 25, 24, , 
2021/10/3, 28, 21, , 
2021/10/4, 21, 18, , 1
2021/10/5, 21, 19, , 1
2021/10/6, 39, 20, , 1
2021/10/7, 22, 33, , 1
2021/10/8, 24, 39, 1, 1
2021/10/9, 42, 37, , 1
2021/10/10, 49, 24, , 1
2021/10/11, 37, 31, , 1
2021/10/12, 27, 26, 1, 1
2021/10/13, 27, 22, , 1
2021/10/14, 22, 22, , 1
2021/10/15, 19, 27, , 1
2021/10/16, 22, 31, , 
2021/10/17, 19, 35, 1, 
2021/10/18, 26, 38, , 1
2021/10/19, 30, 35, , 1
2021/10/20, 36, 16, , 1
2021/10/21, 22, 17, , 1
2021/10/22, 23, 19, , 1
2021/10/23, 21, 19, , 1
2021/10/24, 22, 20, , 
2021/10/25, 25, 21, , 1
2021/10/26, 17, 23, , 1
2021/10/27, 23, 13, , 1
2021/10/28, 15, 16, , 1
2021/10/29, 12, 19, 1, 1
2021/10/30, 19, 17, 1, 1
2021/10/31, 25, 20, , 1
2021/11/1, 19, 23, , 1
2021/11/2, 21, 26, 1, 1
2021/11/3, 33, 27, 1, 1
2021/11/4, 34, 27, 1, 1
2021/11/5, 36, 32, 1, 1
2021/11/6, 45, 29, 1, 1
2021/11/7, 44, 32, 1, 1
2021/11/8, 50, 17, 1, 1
2021/11/9, 68, 22, 1, 1
2021/11/10, 65, 22, 1, 1
2021/11/11, 32, 17, 1, 1
2021/11/12, 16, 15, , 1
2021/11/13, 13, 19, 1, 
2021/11/14, 19, 16, 1, 1
2021/11/15, 23, 19, 1, 
2021/11/16, 39, 19, 1, 
2021/11/17, 34, 23, , 
2021/11/18, 19, 22, 1, 
2021/11/19, 21, 22, 1, 
2021/11/20, 35, 24, 1, 
2021/11/21, 40, 21, , 
2021/11/22, 19, 20, 1, 
2021/11/23, 25, 21, 1, 
2021/11/24, 25, 15, 1, 
2021/11/25, 35, 20, 1, 
2021/11/26, 14, 11, 1, 
2021/11/27, 28, 22, 1, 
2021/11/28, 27, 20, 1, 
2021/11/29, 20, 15, 1, 
2021/11/30, 40, 14, 1, 
2021/12/1, 54, 21, 1, 
2021/12/2, 23, 18, 1, 
2021/12/3, 32, 22, 1, 1
2021/12/4, 49, 16, 1, 
2021/12/5, 30, 24, 1, 
2021/12/6, 29, 21, 1, 
2021/12/7, 12, 20, 1, 
2021/12/8, 30, 19, 1, 
2021/12/9, 36, 23, 1, 
2021/12/10, 33, 25, 1, 
2021/12/11, 25, 24, 1, 
2021/12/12, 20, 24, 1, 
2021/12/13, 24, 20, 1, 1
2021/12/14, 34, 17, 1, 
2021/12/15, 34, 26, 1, 
2021/12/16, 55, 18, 1, 1
2021/12/17, 21, 15, 1, 
2021/12/18, 30, 23, 1, 
2021/12/19, 23, 18, 1, 1
2021/12/20, 35, 17, 1, 1
2021/12/21, 43, 22, 1, 
2021/12/22, 15, 20, 1, 
2021/12/23, 29, 21, 1, 
2021/12/24, 27, 15, 1, 
2021/12/25, 39, 18, 1, 
2021/12/26, 42, 13, , 1
2021/12/27, 39, 20, , 
2021/12/28, 14, 16, , 
2021/12/29, 33, 11, , 1
2021/12/30, 50, 12, , 1
2021/12/31, 30, 9, , 1
2022/1/1, 49, , , 
2021/7/1, 22, 28, , 
2021/7/2, 20, 33, 1, 
2021/7/3, 24, 30, 1, 
2021/7/4, 32, 38, 1, 1
2021/7/5, 62, 38, 1, 1
2021/7/6, 65, 33, 1, 1
2021/7/7, 51, 29, 1, 
2021/7/8, 38, 24, , 
2021/7/9, 30, 33, 1, 
2021/7/10, 21, 30, 1, 
2021/7/11, 24, 26, 1, 
2021/7/12, 26, 27, 1, 1
2021/7/13, 28, 28, 1, 
2021/7/14, 27, 22, 1, 
2021/7/15, 33, 22, 1, 
2021/7/16, 18, 27, , 1
2021/7/17, 37, 28, , 1
2021/7/18, 33, 30, , 1
2021/7/19, 39, 34, , 1
2021/7/20, 40, 36, 1, 3
2021/7/21, 95, 34, 1, 2
2021/7/22, 91, 39, 2, 2
2021/7/23, 95, 33, 1, 1
2021/7/24, 58, 36, 1, 
2021/7/25, 41, 37, 1, 1
2021/7/26, 40, 38, 1, 1
2021/7/27, 46, 33, 1, 1
2021/7/28, 53, 38, 1, 1
2021/7/29, 59, 27, 1, 1
2021/7/30, 48, 12, 1, 
2021/7/31, 45, 30, 1, 2
2021/8/1, 83, 26, 1, 1
2021/8/2, 46, 32, 1, 1
2021/8/3, 34, 35, 1, 1
2021/8/4, 35, 39, 1, 1
2021/8/5, 37, 28, 1, 1
2021/8/6, 50, 29, 1, 1
2021/8/7, 60, 30, 1, 1
2021/8/8, 61, 23, 1, 1
2021/8/9, 33, 25, 1, 
2021/8/10, 44, 24, 1, 
2021/8/11, 41, 24, 1, 
2021/8/12, 29, 27, 1, 
2021/8/13, 23, 32, 1, 1
2021/8/14, 24, 30, 1, 1
2021/8/15, 28, 30, 1, 1
2021/8/16, 26, 28, 1, 1
2021/8/17, 46, 32, 1, 1
2021/8/18, 46, 35, 1, 
2021/8/19, 47, 33, 1, 
2021/8/20, 52, 23, 1, 
2021/8/21, 33, 29, 1, 
2021/8/22, 29, 30, 1, 1
2021/8/23, 34, 29, 1, 
2021/8/24, 38, 28, 1, 
2021/8/25, 38, 25, 1, 
2021/8/26, 31, 34, 1, 1
2021/8/27, 39, 24, 1, 
2021/8/28, 47, 26, 1, 
2021/8/29, 45, 29, 1, 
2021/8/30, 26, 37, 1, 
2021/8/31, 30, 35, 1, 1
2021/9/1, 29, 31, 1, 1
2021/9/2, 28, 31, 1, 1
2021/9/3, 26, 21, 1, 1
2021/9/4, 33, 35, 1, 1
2021/9/5, 27, 34, 1, 1
2021/9/6, 25, 38, 1, 1
2021/9/7, 34, 32, 1, 1
2021/9/8, 28, 28, 1, 1
2021/9/9, 23, 31, 1, 
2021/9/10, 17, 39, 1, 1
2021/9/11, 41, 39, 1, 1
2021/9/12, 47, 37, 1, 
2021/9/13, 45, 29, 1, 
2021/9/14, 38, 23, , 1
2021/9/15, 23, 39, , 
2021/9/16, 25, 41, , 1
2021/9/17, 41, 46, , 1
2021/9/18, 42, 37, 1, 
2021/9/19, 37, 23, 1, 
2021/9/20, 21, 19, 1, 
2021/9/21, 17, 20, , 1
2021/9/22, 14, 27, , 1
2021/9/23, 18, 36, 1, 1
2021/9/24, 22, 31, , 
2021/9/25, 21, 36, 1, 1
2021/9/26, 19, 48, 1, 1
2021/9/27, 51, 44, , 1
2021/9/28, 50, 48, 1, 1
2021/9/29, 57, 45, 1, 1
2021/9/30, 57, 44, 1, 1
2021/4/1, 22, 35, 1, 1
2021/4/2, 31, 40, 1, 
2021/4/3, 42, 46, 1, 1
2021/4/4, 58, 40, 1, 1
2021/4/5, 64, 35, 1, 1
2021/4/6, 59, 27, 1, 1
2021/4/7, 39, 24, 1, 1
2021/4/8, 28, 34, 2, 1
2021/4/9, 22, 25, 1, 
2021/4/10, 24, 20, 1, 
2021/4/11, 14, 31, 1, 1
2021/4/12, 23, 30, 1, 1
2021/4/13, 20, 29, 1, 1
2021/4/14, 21, 25, 3, 
2021/4/15, 18, 30, 1, 
2021/4/16, 28, 37, 2, 
2021/4/17, 31, 35, 1, 
2021/4/18, 29, 31, 1, 1
2021/4/19, 28, 23, 1, 1
2021/4/20, 17, 32, 1, 1
2021/4/21, 25, 38, 1, 1
2021/4/22, 32, 35, 1, 1
2021/4/23, 26, 26, 1, 1
2021/4/24, 57, 28, 1, 1
2021/4/25, 25, 37, 1, 1
2021/4/26, 29, 36, 2, 
2021/4/27, 41, 19, 2, 1
2021/4/28, 59, 30, , 
2021/4/29, 44, 37, 1, 
2021/4/30, 26, 39, 1, 
2021/5/1, 23, 31, 1, 
2021/5/2, 31, 22, 1, 1
2021/5/3, 49, 19, , 1
2021/5/4, 24, 32, 32, 
2021/5/5, 30, 28, 1, 
2021/5/6, 27, 37, 1, 
2021/5/7, 28, 31, , 
2021/5/8, 19, 29, , 
2021/5/9, 18, 35, 1, 
2021/5/10, 30, 29, , 
2021/5/11, 18, 31, , 
2021/5/12, 21, 36, 1, 
2021/5/13, 23, 43, 1, 
2021/5/14, 33, 39, 1, 
2021/5/15, 33, 39, 1, 
2021/5/16, 30, 28, , 
2021/5/17, 30, 31, 1, 1
2021/5/18, 41, 30, 1, 1
2021/5/19, 34, 33, 1, 
2021/5/20, 35, 39, 1, 
2021/5/21, 33, 36, 1, 
2021/5/22, 36, 36, 1, 
2021/5/23, 36, 43, 1, 
2021/5/24, 53, 36, 1, 
2021/5/25, 41, 36, 1, 
2021/5/26, 30, 32, 1, 
2021/5/27, 20, 28, 1, 
2021/5/28, 25, 37, 1, 
2021/5/29, 24, 43, 1, 1
2021/5/30, 27, 38, 1, 1
2021/5/31, 32, 41, 1, 1
2021/6/1, 37, 35, 1, 1
2021/6/2, 24, 56, 1, 1
2021/6/3, 37, 50, 1, 1
2021/6/4, 37, 39, 1, 1
2021/6/5, 43, 27, 1, 
2021/6/6, 39, 25, 1, 
2021/6/7, 18, 31, 1, 
2021/6/8, 28, 28, 1, 
2021/6/9, 25, 36, 1, 
2021/6/10, 32, 44, 1, 
2021/6/11, 34, 43, 1, 
2021/6/12, 31, 46, 1, 1
2021/6/13, 42, 49, 1, 1
2021/6/14, 25, 38, 1, 
2021/6/15, 27, 39, 1, 
2021/6/16, 25, 47, 1, 
2021/6/17, 24, 38, 1, 1
2021/6/18, 48, 34, 1, 
2021/6/19, 37, 37, 1, 1
2021/6/20, 39, 27, 1, 
2021/6/21, 26, 34, 1, 
2021/6/22, 24, 42, 1, 
2021/6/23, 23, 29, 1, 1
2021/6/24, 29, 29, , 
2021/6/25, 28, 22, , 
2021/6/26, 24, 25, , 
2021/6/27, 24, 21, 1, 
2021/6/28, 24, 27, 1, 
2021/6/29, 22, 19, , 
2021/6/30, 13, 33, 1, 
2021/1/4, 31, 20, 1, 
2021/1/5, 59, 20, 1, 
2021/1/6, 44, 20, , 
2021/1/7, 21, 20, 1, 
2021/1/8, 25, 28, , 
2021/1/9, 26, 26, , 
2021/1/10, 45, 18, 1, 
2021/1/11, 48, 14, 1, 
2021/1/12, 56, 17, 1, 1
2021/1/13, 39, 17, 1, 1
2021/1/14, 38, 19, 1, 
2021/1/15, 17, 14, 1, 
2021/1/16, 32, 18, 1, 1
2021/1/17, 21, 20, 1, 1
2021/1/18, 34, 21, 1, 
2021/1/19, 36, 22, 1, 
2021/1/20, 25, 22, 1, 
2021/1/21, 22, 24, 1, 
2021/1/22, 16, 21, 1, 
2021/1/23, 32, 17, 1, 
2021/1/24, 38, 15, 1, 1
2021/1/25, 50, 22, 1, 
2021/1/26, 32, 21, , 1
2021/1/27, 31, 25, , 
2021/1/28, 32, 24, 2, 
2021/1/29, 41, 24, 1, 
2021/1/30, 29, 28, 1, 
2021/1/31, 33, 29, , 1
2021/2/1, 24, 27, , 1
2021/2/2, 37, 24, 1, 1
2021/2/3, 45, 21, 1, 1
2021/2/4, 38, 25, 1, 1
2021/2/5, 23, 24, 1, 1
2021/2/6, 30, 23, , 1
2021/2/7, 22, 22, 1, 1
2021/2/8, 40, 28, 1, 1
2021/2/9, 45, 20, 1, 1
2021/2/10, 60, 27, 1, 1
2021/2/11, 47, 27, 36, 2
2021/2/12, 45, 24, 1, 1
2021/2/13, 35, 22, 1, 1
2021/2/14, 31, 20, 1, 1
2021/2/15, 25, 25, 1, 1
2021/2/16, 26, 26, 1, 1
2021/2/17, 49, 33, 1, 1
2021/2/18, 78, 35, 1, 1
2021/2/19, 66, 41, 1, 1
2021/2/20, 70, 35, 1, 1
2021/2/21, 48, 34, 1, 1
2021/2/22, 52, 29, 1, 1
2021/2/23, 16, 29, 1, 1
2021/3/2, 6, 28, 1, 1
2021/3/3, 20, 25, 1, 1
2021/3/4, 37, 30, 1, 1
2021/3/5, 20, 34, 1, 1
2021/3/6, 41, 32, 1, 1
2021/3/7, 37, 34, 1, 1
2021/3/8, 57, 35, 1, 1
2021/3/9, 57, 28, 1, 1
2021/3/10, 51, 24, 1, 1
2021/3/11, 27, 29, 1, 
2021/3/12, 28, 31, 1, 1
2021/3/13, 31, 25, 1, 1
2021/3/14, 32, 27, 1, 1
2021/3/15, 21, 22, 1, 1
2021/3/16, 39, 19, 1, 1
2021/3/17, 57, 25, 1, 1
2021/3/18, 31, 31, 1, 1
2021/3/19, 21, 34, 1, 1
2021/3/20, 22, 37, 1, 1
2021/3/21, 38, 36, 1, 1
2021/3/22, 31, 26, 1, 1
2021/3/23, 37, 26, 1, 1
2021/3/24, 23, 18, 1, 1
2021/3/25, 29, 19, 1, 1
2021/3/26, 40, 32, 1, 1
2021/3/27, 32, 28, 1, 1
2021/3/28, 22, 33, 1, 1
2021/3/29, 22, 33, 1, 1
2021/3/30, 35, 31, 1, 1
2021/3/31, 23, 33, 1, 1
2020/10/1, 23, 17, , 
2020/10/2, 24, 20, 1, 
2020/10/3, 21, 22, , 
2020/10/4, 23, 29, 1, 
2020/10/5, 27, 30, 1, 
2020/10/6, 33, 34, , 
2020/10/7, 42, 38, 1, 
2020/10/8, 32, 40, 1, 
2020/10/9, 54, 25, 1, 
2020/10/10, 50, 23, , 
2020/10/11, 30, 21, 1, 
2020/10/12, 28, 32, 1, 
2020/10/13, 28, 36, 1, 
2020/10/14, 41, 22, 1, 
2020/10/15, 23, 26, 1, 
2020/10/16, 23, 28, 1, 
2020/10/17, 23, 23, 1, 
2020/10/18, 23, 21, , 
2020/10/19, 26, 18, , 
2020/10/20, 28, 11, , 
2020/10/21, 27, 22, 1, 
2020/10/22, 33, 12, 1, 
2020/10/23, 27, 20, , 
2020/10/24, 15, 17, 1, 
2020/10/25, 28, 14, , 
2020/10/26, 28, 10, , 
2020/10/27, 31, 17, , 
2020/10/28, 26, 17, 1, 
2020/10/29, 35, 24, 1, 
2020/10/30, 28, 24, 1, 
2020/10/31, 29, 22, 1, 
2020/11/1, 26, 21, 1, 
2020/11/2, 22, 27, 1, 
2020/11/3, 30, 31, 1, 
2020/11/4, 37, 27, 1, 
2020/11/5, 49, 31, 1, 
2020/11/6, 55, 30, 1, 
2020/11/7, 51, 21, 1, 
2020/11/8, 29, 19, 1, 
2020/11/9, 19, 19, 1, 
2020/11/10, 25, 24, 1, 
2020/11/11, 29, 22, 1, 
2020/11/12, 39, 20, 1, 
2020/11/13, 36, 21, 1, 
2020/11/14, 31, 21, 1, 
2020/11/15, 25, 21, 1, 
2020/11/16, 22, 23, , 
2020/11/17, 27, 21, 1, 
2020/11/18, 20, 27, 1, 
2020/11/19, 27, 24, 1, 
2020/11/20, 48, 15, , 
2020/11/21, 37, 23, , 
2020/11/22, 19, 18, 1, 
2020/11/23, 37, 20, 1, 
2020/11/24, 32, 21, 1, 
2020/11/25, 26, 14, 1, 
2020/11/26, 26, 10, 1, 
2020/11/27, 33, 19, 1, 
2020/11/28, 27, 16, 1, 
2020/11/29, 28, 20, 1, 
2020/11/30, 9, 18, 1, 
2020/12/1, 23, 22, 1, 
2020/12/2, 31, 14, 1, 
2020/12/3, 43, 19, 1, 
2020/12/4, 41, 22, 1, 
2020/12/5, 40, 20, 1, 
2020/12/6, 36, 17, 1, 
2020/12/7, 55, 17, 1, 
2020/12/8, 57, 17, 1, 
2020/12/9, 61, 18, 2, 
2020/12/10, 58, 24, 1, 
2020/12/11, 55, , 1, 
2020/12/12, 29, , 1, 
2020/12/13, 20, , 1, 
2020/12/14, 33, 17, 1, 
2020/12/15, 36, 12, 1, 
2020/12/16, 49, 18, 1, 
2020/12/17, 59, 14, 1, 9
2020/12/18, 61, 16, 1, 4
2020/12/19, 54, 16, 1, 1
2020/12/20, 43, 21, 1, 2
2020/12/21, 30, 14, 1, 2
2020/12/22, 22, 24, 1, 3
2020/12/23, 23, 21, 1, 3
2020/12/24, 19, 20, 1, 6
2020/12/25, 19, 17, 1, 1
2020/12/26, 33, 20, 1, 1
2020/12/27, 38, 20, , 1
2020/12/28, 46, 17, , 
2020/12/29, 30, 22, , 
2020/12/30, 43, 19, , 
2020/12/31, 43, , , 
2020/7/1, 32, 48, 1, 
2020/7/2, 37, 49, 1, 
2020/7/3, 42, 62, 1, 
2020/7/4, 60, 49, 1, 
2020/7/5, 70, 45, 1, 
2020/7/6, 54, 43, 1, 
2020/7/7, 46, 41, 1, 
2020/7/8, 44, 39, 1, 
2020/7/9, 47, 35, 1, 
2020/7/10, 24, 44, 1, 
2020/7/11, 27, 36, 1, 
2020/7/12, 19, 30, 1, 
2020/7/13, 24, 36, 1, 
2020/7/14, 26, 36, 1, 
2020/7/15, 31, 35, 1, 
2020/7/16, 27, 33, 1, 
2020/7/17, 32, 24, 1, 
2020/7/18, 29, 21, 1, 
2020/7/19, 35, 27, 1, 
2020/7/20, 25, 26, 1, 
2020/7/21, 22, 29, 1, 
2020/7/22, 19, 29, 1, 
2020/7/23, 19, 35, 1, 
2020/7/24, 24, 31, 1, 
2020/7/25, 33, 25, 1, 
2020/7/26, 33, 24, 1, 
2020/7/27, 31, 29, 1, 
2020/7/28, 31, 38, 1, 
2020/7/29, 29, 27, 1, 
2020/7/30, 21, 25, 1, 
2020/7/31, 16, 23, 1, 
2020/8/1, 23, 28, 1, 
2020/8/2, 20, 21, 1, 
2020/8/3, 24, 24, 1, 
2020/8/4, 16, 28, 1, 
2020/8/5, 21, 33, 1, 
2020/8/6, 27, 40, 1, 
2020/8/7, 36, 38, 1, 
2020/8/8, 41, 30, 1, 
2020/8/9, 38, 27, 1, 
2020/8/10, 32, 28, 1, 
2020/8/11, 27, 38, 1, 
2020/8/12, 26, 31, 1, 
2020/8/13, 42, 41, 1, 
2020/8/14, 35, 42, 1, 
2020/8/15, 37, 26, 1, 
2020/8/16, 29, 32, 1, 
2020/8/17, 27, 28, 1, 1
2020/8/18, 28, 26, 1, 
2020/8/19, 25, 32, 1, 
2020/8/20, 28, 38, 1, 
2020/8/21, 31, 36, 1, 
2020/8/22, 38, 30, 1, 
2020/8/23, 46, 37, 1, 
2020/8/24, 43, 36, 1, 
2020/8/25, 49, 30, 1, 
2020/8/26, 36, 21, 1, 
2020/8/27, 30, 23, 1, 
2020/8/28, 38, 27, , 
2020/8/29, 33, 9, , 
2020/8/30, 26, 20, 1, 
2020/8/31, 36, 23, , 
2020/9/1, 32, 28, 4, 
2020/9/2, 25, 34, 2, 
2020/9/3, 35, 28, , 
2020/9/4, 29, 35, 1, 
2020/9/5, 25, 25, , 
2020/9/6, 32, 23, 1, 
2020/9/7, 32, 20, , 
2020/9/8, 28, 27, , 
2020/9/9, 32, 18, , 
2020/9/10, 35, 19, , 1
2020/9/11, 38, 16, , 1
2020/9/12, 41, 25, , 1
2020/9/13, 17, 22, , 1
2020/9/14, 26, 28, , 
2020/9/15, 28, 35, 1, 
2020/9/16, 33, 29, , 
2020/9/17, 46, 27, , 
2020/9/18, 21, 32, 1, 
2020/9/19, 31, 37, , 
2020/9/20, 33, 33, 1, 
2020/9/21, 22, 36, 1, 
2020/9/22, 33, 25, , 
2020/9/23, 33, 26, 28, 
2020/9/24, 29, 33, 1, 
2020/9/25, 31, 27, , 
2020/9/26, 28, 28, 1, 
2020/9/27, 40, 20, , 
2020/9/28, 20, 14, , 
2020/9/29, 14, 25, 1, 
2020/9/30, 22, 18, 1, 
2020/4/1, 27, 34, 1, 1
2020/4/2, 47, 34, 1, 1
2020/4/3, 40, 16, , 
2020/4/4, 31, 30, , 1
2020/4/5, 30, 24, 1, 1
2020/4/6, 41, 32, 1, 1
2020/4/7, 39, 35, 1, 
2020/4/8, 44, 33, 1, 
2020/4/9, 21, 34, 1, 
2020/4/10, 25, 35, 1, 
2020/4/11, 36, 25, 1, 
2020/4/12, 31, 32, 1, 
2020/4/13, 27, 35, , 
2020/4/14, 21, 33, 1, 
2020/4/15, 29, 31, 1, 
2020/4/16, 38, 26, , 
2020/4/17, 47, 36, 1, 
2020/4/18, 38, 34, 1, 
2020/4/19, 32, 35, 1, 
2020/4/20, 35, 36, 1, 
2020/4/21, 23, 35, 1, 
2020/4/22, 25, 29, 1, 
2020/4/23, 22, 29, 1, 1
2020/4/24, 38, 28, 1, 
2020/4/25, 52, 36, 1, 
2020/4/26, 29, 35, 1, 
2020/4/27, 28, 34, 1, 
2020/4/28, 27, 30, 1, 
2020/4/29, 15, 31, 1, 
2020/4/30, 21, 36, 1, 
2020/5/1, 21, 37, 1, 
2020/5/2, 34, 36, 1, 
2020/5/3, 26, 23, 1, 
2020/5/4, 20, 28, 1, 
2020/5/5, 22, 33, 1, 
2020/5/6, 25, 39, 1, 
2020/5/7, 28, 31, 1, 
2020/5/8, 21, 35, 1, 
2020/5/9, 23, 24, 1, 
2020/5/10, 19, 25, 1, 
2020/5/11, 23, 36, 1, 
2020/5/12, 26, 28, 1, 
2020/5/13, 31, 28, 1, 
2020/5/14, 31, 38, 1, 
2020/5/15, 27, 37, 1, 
2020/5/16, 20, 27, 1, 
2020/5/17, 24, 24, 1, 
2020/5/18, 12, 25, 1, 
2020/5/19, 12, 26, 1, 
2020/5/20, 17, 20, 1, 
2020/5/21, 26, 30, 1, 
2020/5/22, 26, 33, 1, 
2020/5/23, 26, 34, 1, 
2020/5/24, 22, 36, 1, 
2020/5/25, 27, 29, 1, 
2020/5/26, 29, 28, 1, 
2020/5/27, 22, 37, 1, 
2020/5/28, 25, 37, 1, 
2020/5/29, 24, 28, , 
2020/5/30, 19, 37, , 
2020/5/31, 23, 40, 1, 
2020/6/1, 24, 40, 1, 
2020/6/2, 27, 40, 1, 
2020/6/3, 36, 38, 1, 
2020/6/4, 24, 40, 1, 
2020/6/5, 31, 49, 1, 
2020/6/6, 32, 46, 1, 
2020/6/7, 23, 45, 1, 
2020/6/8, 27, 26, 1, 
2020/6/9, 30, 35, 1, 
2020/6/10, 42, 37, , 
2020/6/11, 23, 45, , 
2020/6/12, 23, 36, 1, 
2020/6/13, 28, 38, , 
2020/6/14, 23, 41, , 
2020/6/15, 24, 41, 1, 
2020/6/16, 36, 49, 1, 
2020/6/17, 34, 57, 1, 
2020/6/18, 44, 45, , 
2020/6/19, 41, 39, , 
2020/6/20, 41, 38, , 
2020/6/21, 32, 38, , 
2020/6/22, 29, 33, 1, 1
2020/6/23, 18, 31, 1, 
2020/6/24, 20, 39, 1, 
2020/6/25, 21, 40, 1, 
2020/6/26, 31, 25, 1, 
2020/6/27, 44, 30, 1, 
2020/6/28, 41, 23, 1, 
2020/6/29, 60, 27, 1, 
2020/6/30, 28, 33, 1, 
2020/1/1, 20, 21, 1, 
2020/1/2, 28, 16, , 
2020/1/3, 39, 23, 1, 
2020/1/4, 52, 23, 1, 
2020/1/5, 43, 22, 1, 
2020/1/6, 38, 20, , 
2020/1/7, 26, 21, , 
2020/1/8, 18, 22, 1, 
2020/1/9, 24, 24, 1, 1
2020/1/10, 20, 25, 1, 
2020/1/11, 15, 24, 1, 
2020/1/12, 31, 19, 1, 
2020/1/13, 35, 18, 1, 
2020/1/14, 47, 17, 1, 
2020/1/15, 38, 19, , 
2020/1/16, 33, 17, , 
2020/1/17, 26, 24, 1, 
2020/1/18, 29, 21, 1, 
2020/1/19, 37, 16, , 
2020/1/20, 44, 25, 1, 
2020/1/21, 51, 20, 1, 
2020/1/22, 51, 20, 1, 
2020/1/23, 47, 16, 1, 
2020/1/24, 34, 22, 1, 
2020/1/25, 28, 24, 1, 
2020/1/26, 33, 24, , 
2020/1/27, 50, 24, 1, 1
2020/1/28, 33, 21, , 
2020/1/29, 27, 20, , 
2020/1/30, 52, 11, , 
2020/1/31, 52, 11, , 1
2020/2/1, 45, 16, , 
2020/2/2, 20, 27, 1, 
2020/2/3, 23, 24, , 
2020/2/4, 27, 24, , 
2020/2/5, 17, 27, , 1
2020/2/6, 23, 30, , 
2020/2/7, 34, 25, , 
2020/2/8, 51, 20, , 
2020/2/9, 38, 20, , 
2020/2/10, 50, 25, , 
2020/2/11, 40, 18, , 
2020/2/12, 37, 23, , 
2020/2/13, 39, 24, , 
2020/2/14, 40, 21, 1, 
2020/2/15, 33, 27, , 
2020/2/16, 37, 19, , 1
2020/2/17, 42, 26, , 
2020/2/18, 38, 26, , 
2020/2/19, 32, 28, , 
2020/2/20, 24, 28, 2, 
2020/2/21, 28, 29, 1, 
2020/2/22, 38, 28, 1, 
2020/2/23, 42, 22, 1, 1
2020/2/24, 32, 26, 1, 
2020/2/25, 36, 27, , 
2020/2/26, 18, 28, , 
2020/2/27, 24, 27, , 
2020/2/28, 33, 30, 1, 
2020/2/29, 23, 30, 1, 
2020/3/1, 28, 29, , 
2020/3/2, 33, 29, 1, 
2020/3/3, 22, 31, 1, 
2020/3/4, 19, 30, 1, 
2020/3/5, 24, 28, 1, 
2020/3/6, 19, 29, 1, 
2020/3/7, 30, 34, 1, 
2020/3/8, 29, 25, 1, 
2020/3/9, 36, 17, 1, 
2020/3/10, 40, 17, 1, 
2020/3/11, 61, 24, 1, 
2020/3/12, 44, 30, 1, 
2020/3/13, 21, 28, , 
2020/3/14, 22, 30, 1, 
2020/3/15, 31, 23, 1, 
2020/3/16, 34, 26, 1, 
2020/3/17, 37, 13, 1, 
2020/3/18, 24, 19, 1, 
2020/3/19, 17, 23, 1, 
2020/3/20, 24, 28, , 1
2020/3/21, 24, 21, 1, 
2020/3/22, 34, 29, 1, 
2020/3/23, 38, 25, 1, 
2020/3/24, 48, 28, 1, 
2020/3/25, 31, 20, 1, 
2020/3/26, 41, 17, 1, 1
2020/3/27, 36, 23, 1, 
2020/3/28, 37, 33, 1, 
2020/3/29, 26, 36, 1, 
2020/3/30, 19, 22, 1, 1
2020/3/31, 25, 27, , 1
2019/10/1, 36, 27, 1, 
2019/10/2, 30, 15, , 
2019/10/3, 21, 23, , 
2019/10/4, 13, 30, , 
2019/10/5, 19, 29, , 
2019/10/6, 22, 28, , 
2019/10/7, 24, 32, , 
2019/10/8, 29, 35, , 
2019/10/9, 25, 25, 1, 
2019/10/10, 29, 21, , 
2019/10/11, 19, 30, , 
2019/10/12, 17, 31, 1, 
2019/10/13, 21, 29, 1, 
2019/10/14, 24, 25, 1, 
2019/10/15, 22, 19, , 
2019/10/16, 26, 26, , 
2019/10/17, 24, 29, 1, 
2019/10/18, 23, 35, 1, 
2019/10/19, 32, 28, , 
2019/10/20, 32, 27, 1, 
2019/10/21, 18, 24, , 
2019/10/22, 20, 31, 1, 
2019/10/23, 17, 20, , 
2019/10/24, 26, 19, , 
2019/10/25, 27, 13, , 
2019/10/26, 33, 28, 1, 
2019/10/27, 36, 11, , 
2019/10/28, 34, 15, , 
2019/11/1, 18, 21, , 
2019/11/2, 29, 25, 1, 
2019/11/3, 20, 21, 1, 
2019/11/4, 36, 24, 1, 
2019/11/5, 32, 22, 1, 
2019/11/6, 35, 18, , 
2019/11/7, 31, 24, , 
2019/11/8, 29, 21, 1, 
2019/11/9, 30, 21, 1, 
2019/11/10, 53, 25, , 
2019/11/11, 27, 25, , 
2019/11/12, 20, 24, 1, 
2019/11/13, 25, 20, 1, 
2019/11/14, 46, 21, 1, 
2019/11/15, 61, 19, , 
2019/11/16, 69, 13, 1, 
2019/11/17, 60, 16, 1, 
2019/11/18, 46, 6, , 
2019/11/19, 52, 16, , 
2019/11/20, 32, 18, 1, 
2019/11/21, 38, 17, , 
2019/11/22, 23, 17, , 
2019/11/23, 40, 20, 1, 
2019/11/24, 31, 24, 1, 
2019/11/25, 34, 20, 1, 
2019/11/26, 45, 20, 1, 
2019/11/27, 25, 19, , 
2019/11/28, 18, 14, , 
2019/11/29, 38, 10, 1, 
2019/11/30, 25, 20, 1, 
2019/12/1, 16, 26, , 
2019/12/2, 14, 20, 1, 
2019/12/3, 30, 22, 1, 
2019/12/4, 20, 20, 1, 
2019/12/5, 30, 20, 1, 
2019/12/6, 36, 20, , 
2019/12/7, 26, 25, 1, 
2019/12/8, 49, 18, 1, 
2019/12/9, 51, 24, , 
2019/12/10, 24, 16, 1, 
2019/12/11, 52, 18, 1, 
2019/12/12, 36, 19, 1, 1
2019/12/13, 33, 14, , 1
2019/12/14, 56, 18, , 
2019/12/15, 51, 22, , 
2019/12/16, 55, 21, , 
2019/12/17, 48, 25, , 
2019/12/18, 46, 22, 1, 
2019/12/19, 57, 17, 1, 1
2019/12/20, 60, 19, 1, 1
2019/12/21, 67, 22, 1, 1
2019/12/22, 64, 20, 1, 
2019/12/23, 62, 22, 1, 
2019/12/24, 53, 23, 1, 
2019/12/25, 29, 19, , 
2019/12/26, 28, 14, , 1
2019/12/27, 59, 15, 1, 
2019/12/28, 50, 29, , 
2019/12/29, 12, , , 
2019/7/1, 37, 39, 1, 
2019/7/2, 43, 36, 1, 
2019/7/3, 32, 33, 1, 
2019/7/4, 30, 26, 1, 
2019/7/5, 36, 35, 1, 
2019/7/6, 30, 36, 1, 
2019/7/7, 72, 39, 1, 
2019/7/8, 49, 46, 1, 
2019/7/9, 50, 37, 1, 
2019/7/10, 46, 37, 1, 
2019/7/11, 25, 44, 1, 
2019/7/12, 33, 44, 1, 
2019/7/13, 32, 47, 1, 
2019/7/14, 35, 25, 1, 
2019/7/15, 46, 20, 1, 
2019/7/16, 31, 31, 1, 
2019/7/17, 30, 34, 1, 
2019/7/18, 28, 34, 1, 
2019/7/19, 40, 28, 1, 
2019/7/20, 34, 35, 1, 
2019/7/21, 31, 32, 1, 
2019/7/22, 24, 32, 1, 
2019/7/23, 30, 37, 1, 
2019/7/24, 45, 37, 1, 
2019/7/25, 33, 45, 1, 
2019/7/26, 50, 43, 1, 1
2019/7/27, 46, 36, 2, 1
2019/7/28, 46, 32, 1, 
2019/7/29, 31, 32, 1, 
2019/7/30, 32, 33, 1, 
2019/7/31, 22, 41, 1, 
2019/8/1, 34, 44, 1, 
2019/8/2, 27, 46, 1, 
2019/8/3, 31, 46, 1, 
2019/8/4, 34, 39, 1, 
2019/8/5, 40, 45, 2, 
2019/8/6, 24, 33, 2, 
2019/8/7, 41, 32, 2, 
2019/8/8, 34, 36, 1, 
2019/8/9, 29, 40, 1, 
2019/8/10, 28, 34, 1, 
2019/8/11, 38, 32, 2, 
2019/8/12, 25, 33, 2, 
2019/8/13, 26, 31, 2, 
2019/8/14, 23, 30, 1, 
2019/8/15, 31, 30, 1, 
2019/8/16, 24, 27, 2, 
2019/8/17, 33, 27, 2, 
2019/8/18, 39, 34, 2, 
2019/8/19, 26, 31, 2, 
2019/8/20, 29, 31, 2, 
2019/8/21, 30, 32, 2, 
2019/8/22, 34, 31, 2, 
2019/8/23, 24, 29, 1, 
2019/8/24, 21, 29, 2, 1
2019/8/25, 24, 24, 2, 
2019/8/26, 21, 28, 2, 
2019/8/27, 20, 23, 1, 
2019/8/28, 20, 28, 1, 
2019/8/29, 24, 27, 2, 
2019/8/30, 25, 26, 1, 
2019/8/31, 21, 28, 2, 
2019/9/1, 28, 29, 1, 
2019/9/2, 30, 29, 2, 
2019/9/3, 33, 25, 1, 
2019/9/4, 32, 29, 1, 
2019/9/5, 26, 24, 1, 
2019/9/6, 15, 27, 1, 
2019/9/7, 31, 22, 1, 
2019/9/8, 25, 34, 1, 
2019/9/9, 37, 30, 1, 1
2019/9/10, 40, 35, 1, 1
2019/9/11, 40, 30, 1, 
2019/9/12, 40, 25, 1, 
2019/9/13, 54, 29, 1, 
2019/9/16, 29, 37, 1, 1
2019/9/17, 32, 39, 1, 1
2019/9/18, 37, 47, 1, 2
2019/9/19, 38, 46, 1, 2
2019/9/20, 48, 30, 1, 2
2019/9/21, 39, 28, 1, 1
2019/9/22, 37, 27, 1, 1
2019/9/23, 25, 21, 1, 2
2019/9/24, 22, 28, 1, 31
2019/9/25, 26, 30, 1, 12
2019/9/26, 23, 36, 1, 
2019/9/27, 30, 30, , 
2019/9/28, 19, 27, , 
2019/9/29, 25, 32, 1, 
2019/9/30, 31, 32, 1, 
2019/4/1, 29, 38, 1, 
2019/4/2, 52, 34, , 
2019/4/3, 42, 30, , 
2019/4/4, 33, 30, , 
2019/4/5, 42, 35, 1, 
2019/4/6, 32, 32, , 
2019/4/7, 31, 36, 1, 
2019/4/8, 21, 40, , 
2019/4/9, 22, 25, , 
2019/4/10, 22, 34, 1, 
2019/4/11, 37, 36, 1, 
2019/4/12, 21, 39, , 
2019/4/13, 21, 33, , 
2019/4/14, 13, 37, 1, 
2019/4/15, 18, 39, 1, 
2019/4/16, 27, 40, 1, 
2019/4/17, 31, 28, , 
2019/4/18, 19, 33, , 
2019/4/19, 16, 38, , 
2019/4/20, 18, 43, 1, 
2019/4/21, 29, 40, 1, 
2019/4/22, 28, 20, 1, 
2019/4/23, 34, 32, , 
2019/4/24, 25, 31, , 
2019/4/25, 46, 39, , 
2019/4/26, 23, 34, 1, 
2019/4/27, 24, 37, 1, 
2019/4/28, 24, 26, 1, 
2019/4/29, 29, 21, , 
2019/4/30, 38, 33, 1, 
2019/5/1, 30, 23, , 
2019/5/2, 25, 28, 1, 
2019/5/3, 24, 34, , 
2019/5/4, 26, 43, 1, 
2019/5/5, 27, 36, 1, 
2019/5/6, 30, 29, 1, 
2019/5/7, 40, 39, 1, 
2019/5/8, 28, 31, 1, 
2019/5/9, 27, 34, 1, 
2019/5/10, 20, 29, , 
2019/5/11, 26, 27, , 
2019/5/12, 22, 40, 1, 
2019/5/13, 26, 40, 1, 
2019/5/14, 26, 36, 1, 
2019/5/15, 27, 35, 1, 
2019/5/16, 41, 40, 1, 
2019/5/17, 37, 42, 1, 
2019/5/18, 46, 39, 1, 
2019/5/19, 30, 25, 1, 
2019/5/20, 18, 23, 1, 
2019/5/21, 11, 38, , 
2019/5/22, 31, 19, , 
2019/5/23, 36, 28, 1, 
2019/5/24, 38, 38, 1, 
2019/5/25, 30, 36, 1, 
2019/5/26, 17, 33, 1, 
2019/5/27, 36, 33, 1, 
2019/5/28, 41, 37, 1, 
2019/5/31, 24, 47, 1, 
2019/6/1, 28, 35, 1, 
2019/6/2, 47, 34, 1, 
2019/6/3, 34, 39, 1, 
2019/6/4, 35, 34, 1, 
2019/6/5, 26, 50, 1, 
2019/6/6, 32, 45, 1, 
2019/6/7, 36, 34, 1, 
2019/6/8, 35, 31, 1, 
2019/6/9, 33, 34, , 
2019/6/10, 27, 43, , 
2019/6/11, 33, 39, 1, 
2019/6/12, 26, 32, , 
2019/6/13, 22, 42, 1, 
2019/6/14, 21, 30, 2, 
2019/6/15, 36, 36, 1, 
2019/6/16, 32, 24, 1, 
2019/6/17, 37, 43, 1, 
2019/6/18, 40, 34, 1, 
2019/6/19, 34, 30, 1, 
2019/6/20, 21, 27, 1, 
2019/6/21, 34, 35, , 
2019/6/22, 27, 28, 1, 
2019/6/23, 30, 33, 1, 
2019/6/24, 27, 41, 1, 
2019/6/25, 23, 35, 1, 
2019/6/26, 30, 41, 1, 
2019/6/27, 32, 40, 1, 
2019/6/28, 36, 37, 2, 
2019/6/29, 40, 40, 1, 
2019/6/30, 42, 40, 1, 
2019/1/1, 39, 18, , 
2019/1/2, 31, 16, 1, 
2019/1/3, 29, 13, 1, 
2019/1/4, 44, 18, 1, 
2019/1/5, 41, 16, 1, 
2019/1/6, 40, 23, 1, 
2019/1/7, 30, 25, , 
2019/1/8, 20, 20, , 
2019/1/9, 26, 19, , 
2019/1/10, 32, 17, , 
2019/1/11, 40, 18, , 
2019/1/12, 59, 26, , 
2019/1/13, 55, 28, , 
2019/1/14, 56, 29, , 
2019/1/15, 27, 22, , 
2019/1/16, 41, 21, , 
2019/1/17, 40, 17, , 
2019/1/18, 67, 28, , 
2019/1/19, 33, 29, , 
2019/1/20, 28, 30, 3, 
2019/1/21, 24, 23, 1, 
2019/1/22, 30, 30, 4, 
2019/1/23, 35, 30, 1, 
2019/2/4, 44, 18, , 
2019/2/5, 45, 7, , 
2019/2/6, 40, 27, , 
2019/2/7, 19, 29, , 
2019/2/8, 23, 26, , 
2019/2/9, 29, 17, , 
2019/2/10, 41, 11, , 
2019/2/11, 45, 32, , 
2019/2/12, 34, 31, 1, 
2019/2/13, 36, 28, , 
2019/2/14, 24, 29, , 
2019/2/15, 39, 27, , 
2019/2/16, 34, 20, , 
2019/2/17, 49, 31, , 
2019/2/18, 36, 29, , 
2019/2/19, 42, 27, , 
2019/2/20, 31, 29, , 
2019/2/21, 60, 27, 1, 
2019/2/22, 73, 29, 1, 
2019/2/23, 50, 38, 1, 
2019/2/24, 46, 30, 1, 
2019/2/25, 26, 24, 1, 1
2019/2/26, 42, 29, , 1
2019/2/27, 55, 27, 1, 1
2019/2/28, 45, 31, 1, 
2019/3/1, 60, 34, 1, 
2019/3/2, 65, 28, 1, 
2019/3/3, 35, 32, 1, 
2019/3/4, 31, 32, 1, 
2019/3/5, 29, 36, 1, 
2019/3/6, 31, 32, 1, 
2019/3/7, 45, 28, 1, 
2019/3/8, 58, 23, , 
2019/3/9, 46, 35, , 
2019/3/10, 43, 38, , 
2019/3/11, 31, 33, 1, 
2019/3/12, 32, 31, 1, 
2019/3/13, 28, 33, 3, 
2019/3/14, 33, 32, , 
2019/3/15, 20, 35, , 
2019/3/16, 26, 35, , 
2019/3/17, 22, 38, , 
2019/3/18, 39, 41, , 
2019/3/19, 44, 30, 1, 
2019/3/20, 52, 31, , 
2019/3/21, 41, 22, , 
2019/3/22, 26, , , 
2019/3/23, 29, 24, , 
2019/3/24, 41, 31, , 
2019/3/25, 40, 36, 1, 
2019/3/26, 25, 38, 1, 
2019/3/27, 30, 35, 1, 
2019/3/28, 50, 27, , 
2019/3/29, 44, 32, , 
2019/3/30, 32, 34, , 
2019/3/31, 23, 34, 1, 
2018/10/1, 34, 23, 1, 1
2018/10/2, 29, 28, 1, 1
2018/10/3, 30, 23, 1, 1
2018/10/4, 30, 28, 1, 1
2018/10/5, 30, 22, 1, 1
2018/10/6, 32, 25, 1, 1
2018/10/7, 23, 31, 1, 1
2018/10/8, 33, 30, 1, 
2018/10/9, 43, 17, 1, 
2018/10/10, 14, 22, 1, 
2018/10/11, 16, 19, , 
2018/10/12, 17, 22, 1, 1
2018/10/13, 26, 28, 1, 1
2018/10/14, 26, 21, , 1
2018/10/15, 27, 26, 1, 1
2018/10/16, 26, 26, 1, 1
2018/10/17, 21, 29, 1, 1
2018/10/18, 27, 22, 1, 1
2018/10/19, 28, 28, 1, 1
2018/10/20, 30, 25, 1, 1
2018/10/21, 25, 32, 1, 1
2018/10/22, 29, 23, 1, 1
2018/10/23, 23, 21, , 1
2018/10/24, 32, 19, 1, 1
2018/10/25, 28, 12, 1, 1
2018/10/26, 39, 28, 1, 1
2018/10/27, 40, 25, 1, 1
2018/10/28, 27, 29, 1, 1
2018/10/29, 29, 31, 1, 1
2018/10/30, 24, 16, 1, 1
2018/10/31, 42, 28, 1, 1
2018/11/1, 18, 23, 1, 1
2018/11/2, 22, 22, 1, 1
2018/11/3, 23, 22, 1, 1
2018/11/4, 28, 19, 1, 1
2018/11/5, 18, 15, 1, 1
2018/11/6, 19, 14, 1, 1
2018/11/7, 25, 18, 1, 1
2018/11/8, 32, 22, 1, 1
2018/11/9, 37, 21, 1, 1
2018/11/10, 19, 16, 1, 1
2018/11/11, 31, 14, 1, 1
2018/11/12, 51, 23, , 
2018/11/13, 42, 20, 1, 1
2018/11/14, 45, 22, 1, 1
2018/11/15, 61, 18, 1, 1
2018/11/16, 54, 16, 1, 1
2018/11/17, 69, 16, 1, 1
2018/11/18, 48, 20, 1, 1
2018/11/19, 41, 21, 1, 1
2018/11/20, 49, 14, 1, 1
2018/11/21, 59, 17, 1, 1
2018/11/22, 57, 21, 1, 1
2018/11/23, 47, 21, 1, 1
2018/11/24, 33, 23, 1, 1
2018/11/25, 31, 21, 1, 
2018/11/26, 25, 17, 1, 
2018/11/27, 38, 17, 1, 
2018/11/28, 25, 14, 1, 2
2018/11/29, 53, 13, 1, 2
2018/11/30, 70, 22, 1, 1
2018/12/1, 26, 16, 1, 1
2018/12/2, 20, 20, 1, 1
2018/12/3, 18, 20, 1, 1
2018/12/4, 20, 23, 1, 1
2018/12/5, 33, 17, 1, 1
2018/12/6, 44, 18, 2, 1
2018/12/7, 47, 22, 1, 
2018/12/8, 46, 20, 1, 
2018/12/9, 57, 14, 1, 
2018/12/10, 74, 18, 1, 1
2018/12/11, 66, 20, 1, 1
2018/12/12, 44, 10, 1, 
2018/12/13, 40, 21, , 1
2018/12/14, 39, 19, 1, 1
2018/12/15, 38, 19, 1, 1
2018/12/16, 53, 18, , 1
2018/12/17, 31, 17, 1, 1
2018/12/18, 39, 17, 1, 
2018/12/19, 40, 15, 1, 
2018/12/20, 48, 17, , 
2018/12/21, 29, 17, 1, 
2018/12/22, 44, 19, , 
2018/12/23, 40, 21, 1, 
2018/12/24, 24, 26, 1, 
2018/12/25, 23, 19, 1, 
2018/12/26, 40, 22, 1, 
2018/12/27, 17, 16, , 
2018/12/28, 28, 15, , 
2018/12/29, 29, 12, 1, 
2018/12/30, 42, , , 
2018/7/1, 50, 36, 1, 1
2018/7/2, 32, 32, 1, 1
2018/7/3, 38, 26, 1, 1
2018/7/4, 41, 24, 1, 1
2018/7/5, 35, 35, 1, 1
2018/7/6, 21, 35, 1, 1
2018/7/7, 26, 43, 1, 1
2018/7/8, 36, 40, 1, 1
2018/7/9, 39, 37, 1, 1
2018/7/10, 43, 44, 1, 1
2018/7/11, 37, 40, 1, 1
2018/7/12, 41, 46, 1, 2
2018/7/13, 56, 35, 1, 1
2018/7/14, 48, 34, 1, 1
2018/7/15, 28, 33, 1, 1
2018/7/16, 34, 35, 1, 1
2018/7/17, 32, 25, 1, 1
2018/7/18, 23, 38, 1, 1
2018/7/19, 25, 34, 1, 1
2018/7/20, 19, 34, 1, 1
2018/7/21, 31, 30, 1, 1
2018/7/22, 33, 34, 1, 1
2018/7/23, 44, 36, 1, 2
2018/7/24, 50, 29, 1, 1
2018/7/25, 31, 28, 1, 1
2018/7/26, 32, 26, 1, 1
2018/7/27, 29, 31, 1, 1
2018/7/28, 31, 21, 1, 1
2018/7/29, 33, 33, 1, 1
2018/7/30, 26, 31, 1, 1
2018/7/31, 43, 38, 1, 1
2018/8/1, 36, 36, 1, 1
2018/8/2, 49, 41, 1, 1
2018/8/3, 47, 38, 1, 1
2018/8/4, 47, 31, 1, 1
2018/8/5, 45, 31, 1, 1
2018/8/6, 59, 29, 1, 1
2018/8/7, 72, 34, 1, 1
2018/8/8, 50, 37, 1, 1
2018/8/9, 56, 37, 1, 1
2018/8/10, 54, 38, 1, 2
2018/8/11, 51, 35, 1, 2
2018/8/12, 62, 34, 1, 1
2018/8/13, 47, 35, 1, 1
2018/8/14, 49, 20, 1, 1
2018/8/15, 47, 32, 1, 1
2018/8/16, 36, 32, 1, 1
2018/8/17, 32, 35, 1, 
2018/8/18, 39, 31, 1, 
2018/8/19, 46, 29, 1, 1
2018/8/20, 43, 26, , 2
2018/8/21, 41, 25, 1, 2
2018/8/22, 39, 29, 1, 2
2018/8/23, 47, 24, 1, 2
2018/8/24, 46, 33, 1, 2
2018/8/25, 61, 21, 1, 3
2018/8/26, 69, 31, 1, 2
2018/8/27, 59, 29, 1, 1
2018/8/28, 44, 28, 1, 1
2018/8/29, 25, 33, 1, 1
2018/8/30, 28, 38, 1, 1
2018/8/31, 34, 27, 1, 1
2018/9/1, 27, 23, 1, 
2018/9/2, 37, 24, 1, 
2018/9/3, 34, 30, 1, 1
2018/9/4, 35, 33, 1, 1
2018/9/5, 42, 25, 1, 1
2018/9/6, 25, 20, , 1
2018/9/7, 19, 22, , 1
2018/9/8, 37, 24, , 1
2018/9/9, 16, 34, 1, 1
2018/9/10, 27, 38, , 1
2018/9/11, 27, 40, , 1
2018/9/12, 27, 40, , 1
2018/9/13, 29, 43, 1, 1
2018/9/14, 30, 42, 1, 1
2018/9/15, 38, 32, 1, 1
2018/9/16, 49, 35, 1, 1
2018/9/17, 40, 42, 1, 1
2018/9/18, 40, 37, 1, 1
2018/9/19, 37, 39, 1, 1
2018/9/20, 44, 29, 1, 1
2018/9/21, 35, 23, , 1
2018/9/22, 15, 31, 1, 1
2018/9/23, 24, 19, 1, 1
2018/9/24, 24, 22, 1, 1
2018/9/25, 32, 28, 1, 1
2018/9/26, 20, 30, 1, 1
2018/9/27, 20, 33, 1, 1
2018/9/28, 24, 20, 1, 1
2018/9/29, 20, 36, 1, 1
2018/9/30, 27, 32, 1, 1
2018/4/1, 22, 31, , 1
2018/4/2, 26, 29, , 1
2018/4/3, 33, 31, , 1
2018/4/4, 32, 35, , 1
2018/4/5, 24, 34, , 1
2018/4/6, 36, 32, , 1
2018/4/7, 25, 37, , 1
2018/4/8, 26, 34, , 1
2018/4/9, 41, 36, , 1
2018/4/10, 48, 33, , 1
2018/4/11, 44, 39, , 1
2018/4/12, 34, 28, , 1
2018/4/13, 40, 31, 1, 1
2018/4/14, 19, 28, , 1
2018/4/15, 17, 34, , 1
2018/4/16, 17, 43, , 1
2018/4/17, 26, 28, , 1
2018/4/18, 34, 41, , 1
2018/4/19, 21, 41, , 1
2018/4/20, 33, 43, 1, 1
2018/4/21, 33, 40, , 1
2018/4/22, 30, 28, , 1
2018/4/23, 25, 29, , 1
2018/4/24, 28, 37, , 1
2018/4/25, 32, 42, 1, 1
2018/4/26, 40, 40, , 1
2018/4/27, 32, 35, , 1
2018/4/28, 25, 41, 1, 1
2018/4/29, 31, 43, 1, 1
2018/4/30, 32, 44, , 1
2018/5/1, 47, 33, , 1
2018/5/2, 42, 27, , 1
2018/5/3, 33, 42, , 1
2018/5/4, 29, 51, , 1
2018/5/5, 34, 43, , 1
2018/5/6, 36, 43, 1, 1
2018/5/7, 37, 47, 1, 1
2018/5/8, 36, 40, 1, 1
2018/5/9, 35, 45, , 1
2018/5/10, 34, 43, 1, 1
2018/5/11, 44, 28, 1, 1
2018/5/12, 46, 35, , 1
2018/5/13, 48, 38, 1, 1
2018/5/14, 49, 32, 1, 1
2018/5/15, 37, 43, 1, 1
2018/5/16, 28, 53, 1, 1
2018/5/17, 44, 31, 1, 1
2018/5/18, 43, 43, 1, 1
2018/5/19, 31, 30, 1, 1
2018/5/20, 44, 34, 1, 1
2018/5/21, 34, 42, 1, 1
2018/5/22, 34, , , 
2018/5/23, 34, , , 
2018/5/24, 31, , , 
2018/5/25, 31, , , 
2018/5/26, 39, , , 
2018/5/27, 37, , , 
2018/5/28, 39, , , 
2018/5/29, 43, 36, 1, 1
2018/5/30, 33, 44, 1, 1
2018/5/31, 28, , , 
2018/6/1, 35, 43, 1, 1
2018/6/2, 20, 30, 1, 1
2018/6/3, 24, 40, 1, 1
2018/6/4, 25, 46, 1, 1
2018/6/5, 23, 42, 1, 1
2018/6/6, 29, 41, 1, 1
2018/6/7, 36, 51, 1, 1
2018/6/8, 49, 37, 1, 
2018/6/9, 41, 37, , 
2018/6/10, 14, 38, , 1
2018/6/11, 31, 37, , 1
2018/6/12, 29, , , 1
2018/6/13, 28, 41, , 1
2018/6/14, 18, 41, , 1
2018/6/15, 38, 46, 1, 1
2018/6/16, 47, 42, 1, 2
2018/6/17, 46, 34, 3, 1
2018/6/18, 39, 28, 1, 1
2018/6/19, 35, 33, 2, 1
2018/6/20, 27, 39, , 1
2018/6/21, 21, 32, , 1
2018/6/22, 22, 29, , 1
2018/6/23, 24, 37, , 1
2018/6/24, 27, 37, 1, 1
2018/6/25, 30, 40, , 1
2018/6/26, 25, 36, 1, 1
2018/6/27, 20, 38, , 1
2018/6/28, 34, 32, 1, 1
2018/6/29, 36, 33, 1, 1
2018/6/30, 39, 26, 1, 1
2018/1/1, 35, 24, 1, 1
2018/1/2, 39, , , 
2018/1/3, 40, , , 
2018/1/4, 35, , , 
2018/1/5, 33, , , 
2018/1/6, 45, , , 
2018/1/7, 44, 17, 1, 
2018/1/8, 65, 12, , 1
2018/1/9, 62, 8, , 2
2018/1/10, 24, , , 
2018/1/11, 22, 25, , 1
2018/1/12, 21, 24, , 1
2018/1/13, 17, 24, 1, 1
2018/1/14, 22, 24, 1, 1
2018/1/15, 40, 19, , 1
2018/1/16, 32, 21, 1, 1
2018/1/17, 46, 21, , 1
2018/1/18, 49, 24, , 1
2018/1/19, 51, 20, , 1
2018/1/20, 41, 20, , 1
2018/1/21, 29, 27, , 
2018/1/22, 27, 23, , 1
2018/1/23, 28, 24, , 
2018/1/24, 41, 21, , 
2018/1/25, 42, 30, , 1
2018/1/26, 31, 25, , 1
2018/1/27, 33, 27, , 1
2018/1/28, 31, 22, , 1
2018/1/29, 37, 26, , 1
2018/1/30, 28, 20, , 1
2018/1/31, 33, 23, , 1
2018/2/1, 27, 26, , 1
2018/2/2, 22, 22, , 1
2018/2/3, 19, 27, , 1
2018/2/4, 27, 28, , 1
2018/2/5, 25, 25, , 1
2018/2/6, 45, 30, , 1
2018/2/7, 62, 2, , 1
2018/2/8, 63, 24, , 1
2018/2/9, 62, 29, , 2
2018/2/10, 50, 33, , 1
2018/2/11, 42, 29, 1, 1
2018/2/12, 58, 25, , 1
2018/2/13, 59, 11, , 1
2018/2/14, 52, 16, , 1
2018/2/15, 28, 28, , 1
2018/2/16, 44, 24, , 1
2018/2/17, 46, 25, , 1
2018/2/18, 36, 19, , 1
2018/2/19, 20, 20, , 1
2018/2/20, 23, 24, , 1
2018/2/21, 30, 23, 2, 1
2018/2/22, 27, 12, , 1
2018/2/23, 23, 16, 1, 1
2018/2/24, 25, 31, 1, 1
2018/2/25, 32, 33, , 1
2018/2/26, 25, 36, , 1
2018/2/27, 18, 25, , 1
2018/2/28, 16, 25, , 1
2018/3/1, 32, 33, , 1
2018/3/2, 25, 33, , 1
2018/3/3, 20, 33, , 1
2018/3/4, 23, 25, , 1
2018/3/5, 23, 28, , 1
2018/3/6, 21, 32, , 1
2018/3/7, 24, 32, , 1
2018/3/8, 34, 33, , 1
2018/3/9, 29, 35, , 1
2018/3/10, 30, 32, , 1
2018/3/11, 29, 31, , 1
2018/3/12, 34, 34, , 1
2018/3/13, 31, 35, 1, 1
2018/3/14, 29, 39, , 1
2018/3/15, 42, 31, , 1
2018/3/16, 26, 24, , 1
2018/3/17, 40, 38, , 1
2018/3/18, 45, 35, , 1
2018/3/19, 35, 27, , 1
2018/3/20, 24, 31, , 1
2018/3/21, 29, 38, 1, 1
2018/3/22, 35, 38, , 1
2018/3/23, 34, 30, , 1
2018/3/24, 30, 36, , 
2018/3/25, 23, 25, , 1
2018/3/26, 33, 21, , 1
2018/3/27, 38, 18, , 1
2018/3/28, 38, 28, , 2
2018/3/29, 40, 32, , 1
2018/3/30, 37, 27, , 1
2018/3/31, 32, 32, , 1
2017/10/1, 31, 42, , 1
2017/10/2, 36, 26, , 1
2017/10/3, 31, 25, 1, 1
2017/10/4, 42, 14, , 1
2017/10/5, 23, 25, , 1
2017/10/6, 46, 30, 1, 1
2017/10/7, 38, 31, , 1
2017/10/8, 28, 35, 1, 1
2017/10/9, 43, 32, , 1
2017/10/10, 31, 12, 1, 1
2017/10/11, 12, 19, , 1
2017/10/12, 22, 31, 1, 1
2017/10/13, 31, 37, , 1
2017/10/14, 44, 23, , 
2017/10/15, 28, 29, , 1
2017/10/16, 22, 32, , 1
2017/10/17, 25, 38, , 1
2017/10/18, 33, 41, 1, 1
2017/10/19, 40, 43, 1, 1
2017/10/20, 49, 31, 1, 1
2017/10/21, 41, 22, 1, 1
2017/10/22, 21, 26, , 1
2017/10/23, 12, 19, , 1
2017/10/24, 18, 18, 1, 1
2017/10/25, 22, 28, 1, 1
2017/10/26, 25, 22, 1, 1
2017/10/27, 17, 21, , 1
2017/10/28, 15, 29, 1, 1
2017/10/29, 23, 20, 1, 1
2017/10/30, 16, 25, , 1
2017/10/31, 20, 16, , 1
2017/11/1, 25, 13, , 1
2017/11/2, 36, 17, , 1
2017/11/3, 41, 9, , 1
2017/11/4, 44, 13, , 1
2017/11/5, 37, 15, , 1
2017/11/6, 29, 20, , 1
2017/11/7, 24, 25, 1, 1
2017/11/8, 40, 23, 1, 1
2017/11/9, 41, 25, , 1
2017/11/10, 20, 21, 1, 1
2017/11/11, 31, 15, , 1
2017/11/12, 61, 25, , 1
2017/11/13, 59, 24, 1, 1
2017/11/14, 50, 20, , 1
2017/11/15, 38, 14, , 1
2017/11/16, 35, 16, , 1
2017/11/17, 47, 19, , 1
2017/11/18, 39, 22, , 1
2017/11/19, 38, 24, , 1
2017/11/20, 28, 21, 1, 1
2017/11/21, 38, 24, , 1
2017/11/22, 28, 22, 1, 1
2017/11/23, 32, 23, 1, 1
2017/11/24, 37, 24, , 1
2017/11/25, 28, 23, 2, 1
2017/11/26, 26, 27, 1, 1
2017/11/27, 44, 32, , 1
2017/11/28, 32, 20, , 1
2017/11/29, 28, 22, , 1
2017/11/30, 39, 24, , 1
2017/12/1, 34, 24, 1, 1
2017/12/2, 41, 26, 2, 1
2017/12/3, 45, 28, 1, 1
2017/12/4, 54, 24, , 1
2017/12/5, 27, 22, , 1
2017/12/6, 25, 20, , 1
2017/12/7, 25, 22, 2, 1
2017/12/8, 25, 20, , 1
2017/12/9, 10, 19, 2, 1
2017/12/14, 30, , , 
2017/12/15, 29, , , 
2017/12/16, 39, , , 
2017/12/17, 34, 20, 1, 1
2017/12/18, 38, 15, 1, 1
2017/12/19, 54, 22, , 1
2017/12/20, 21, 15, , 1
2017/12/21, 42, , , 
2017/12/22, 64, , , 
2017/12/23, 53, , , 
2017/12/24, 47, , , 
2017/12/25, 23, 28, , 1
2017/12/26, 23, 24, , 1
2017/12/27, 38, 21, , 1
2017/12/28, 44, 18, , 1
2017/12/29, 56, 28, , 1
2017/12/30, 44, 25, , 1
2017/12/31, 40, 24, 1, 1
2017/7/1, 29, 38, , 1
2017/7/2, 31, 46, 2, 1
2017/7/3, 38, 46, , 1
2017/7/4, 50, 39, , 1
2017/7/5, 58, 47, , 1
2017/7/6, 50, 41, , 1
2017/7/7, 44, 33, , 1
2017/7/8, 35, 36, , 1
2017/7/9, 35, 36, , 1
2017/7/10, 43, 32, , 1
2017/7/11, 30, 37, , 1
2017/7/12, 43, 33, , 1
2017/7/13, 39, 29, , 1
2017/7/14, 26, 32, , 1
2017/7/15, 32, 37, 1, 1
2017/7/16, 34, 36, 1, 1
2017/7/17, 28, 42, 1, 1
2017/7/18, 32, 40, , 1
2017/7/19, 42, 32, , 1
2017/7/20, 44, 38, , 1
2017/7/21, 42, 34, 1, 
2017/7/22, 43, 34, 1, 1
2017/7/23, 29, 34, , 1
2017/7/24, 28, 36, , 1
2017/7/25, 29, 41, 1, 1
2017/7/26, 47, 35, , 1
2017/7/27, 44, 35, , 1
2017/7/28, 35, 27, , 1
2017/7/29, 33, 33, , 1
2017/7/30, 34, 30, , 1
2017/7/31, 38, 32, , 1
2017/8/1, 49, 39, , 1
2017/8/2, 48, 37, 2, 1
2017/8/3, 39, 25, , 
2017/8/4, 22, 28, 1, 1
2017/8/5, 29, 26, , 1
2017/8/6, 22, 29, , 1
2017/8/7, 36, 29, , 1
2017/8/8, 36, 40, , 1
2017/8/9, 34, 38, 1, 1
2017/8/10, 43, 36, 1, 1
2017/8/11, 29, 29, , 1
2017/8/12, 24, 31, , 1
2017/8/13, 29, 37, , 1
2017/8/14, 33, 35, , 1
2017/8/15, 45, 27, , 1
2017/8/16, 32, 31, , 
2017/8/17, 22, 40, , 1
2017/8/18, 35, 39, , 1
2017/8/19, 40, 38, , 1
2017/8/20, 43, 33, , 1
2017/8/21, 43, 32, , 
2017/8/22, 29, 27, , 1
2017/8/23, 24, 31, , 1
2017/8/24, 32, 35, , 1
2017/8/25, 29, 41, , 
2017/8/26, 41, 45, 1, 
2017/8/27, 46, 42, 1, 
2017/8/28, 37, 41, 2, 
2017/8/29, 39, 40, , 
2017/8/30, 40, 31, 1, 
2017/8/31, 32, 25, , 
2017/9/1, 28, 33, , 
2017/9/2, 31, 35, , 
2017/9/3, 40, 41, 1, 
2017/9/4, 47, , , 
2017/9/9, 36, , , 
2017/9/10, 23, , , 
2017/9/11, 31, 36, , 1
2017/9/12, 33, 21, , 1
2017/9/13, 24, 34, , 1
2017/9/14, 29, 44, , 1
2017/9/15, 39, 40, , 1
2017/9/16, 52, 36, 5, 1
2017/9/17, 46, 34, 1, 1
2017/9/18, 37, 32, , 1
2017/9/19, 46, 34, , 1
2017/9/20, 44, 34, 1, 1
2017/9/21, 53, 40, 1, 1
2017/9/22, 51, 51, 1, 1
2017/9/23, 52, 48, 1, 1
2017/9/24, 49, 46, 1, 1
2017/9/25, 45, 41, , 1
2017/9/26, 49, 26, , 1
2017/9/27, 17, 31, , 1
2017/9/28, 31, 28, , 1
2017/9/29, 27, 27, , 1
2017/9/30, 27, 35, , 1
2017/4/1, 32, 34, 1, 1
2017/4/2, 30, 34, , 1
2017/4/3, 27, 25, , 1
2017/4/4, 31, 32, , 1
2017/4/5, 28, 31, , 1
2017/4/6, 25, 36, , 1
2017/4/7, 21, 40, , 1
2017/4/8, 29, 44, , 1
2017/4/9, 44, 34, , 1
2017/4/10, 45, 25, , 1
2017/4/11, 37, 36, , 1
2017/4/12, 32, 43, 1, 
2017/4/13, 46, 39, 2, 1
2017/4/14, 46, 40, 1, 1
2017/4/15, 42, 35, , 1
2017/4/16, 35, 39, 1, 1
2017/4/17, 23, 41, , 1
2017/4/18, 33, 35, , 1
2017/4/19, 41, 30, , 1
2017/4/20, 42, 31, , 1
2017/4/21, 23, 36, , 1
2017/4/22, 19, 42, , 1
2017/4/23, 32, 48, , 1
2017/4/24, 41, 44, 1, 1
2017/4/25, 38, 41, , 1
2017/4/26, 34, 28, , 1
2017/4/27, 29, 21, , 1
2017/4/28, 31, 25, , 1
2017/4/29, 40, 32, , 1
2017/4/30, 24, 33, 1, 1
2017/5/1, 26, 41, , 1
2017/5/2, 22, 33, 1, 1
2017/5/3, 36, 38, , 1
2017/5/4, 27, 38, 1, 1
2017/5/5, 25, 35, , 
2017/5/6, 27, 39, 1, 1
2017/5/7, 28, 39, , 
2017/5/8, 27, 41, , 1
2017/5/9, 44, 40, , 1
2017/5/10, 47, 38, , 1
2017/5/11, 40, 43, 1, 1
2017/5/12, 33, 49, , 1
2017/5/13, 39, 49, , 1
2017/5/14, 39, 46, 1, 1
2017/5/15, 46, 44, 1, 1
2017/5/16, 48, 41, , 1
2017/5/23, 15, 33, , 1
2017/5/24, 16, 35, , 1
2017/5/25, 18, 39, , 1
2017/5/26, 31, 38, , 1
2017/5/27, 34, 39, , 
2017/5/28, 33, 42, , 
2017/5/29, 25, 38, , 
2017/5/30, 19, 40, , 
2017/5/31, 26, 46, , 
2017/6/1, 32, 56, 1, 1
2017/6/2, 41, 56, , 1
2017/6/3, 45, 48, 1, 1
2017/6/4, 44, 61, 1, 
2017/6/5, 32, 36, , 
2017/6/6, 19, 36, , 
2017/6/7, 24, 46, 1, 
2017/6/8, 28, 48, 1, 1
2017/6/9, 31, 56, , 1
2017/6/10, 40, 44, , 1
2017/6/11, 45, 40, , 
2017/6/12, 38, 36, , 
2017/6/13, 31, 29, , 
2017/6/14, 30, 51, , 
2017/6/15, 23, 49, , 
2017/6/16, 34, , , 
2017/6/17, 32, 38, , 
2017/6/18, 22, 40, , 
2017/6/19, 20, 43, , 
2017/6/20, 24, 46, , 1
2017/6/21, 32, 24, , 
2017/6/22, 31, 38, , 
2017/6/23, 38, 33, , 
2017/6/24, 21, 30, , 
2017/6/25, 21, 34, , 
2017/6/26, 32, 32, , 
2017/6/27, 30, 42, , 
2017/6/28, 29, 44, 1, 1
2017/6/29, 43, 36, , 1
2017/6/30, 33, 39, , 
2017/1/2, 57, 19, , 1
2017/1/3, 25, 26, , 1
2017/1/4, 16, 25, , 1
2017/1/5, 23, 23, , 1
2017/1/6, 48, 25, , 1
2017/1/7, 42, 23, 1, 1
2017/1/8, 28, 23, 1, 1
2017/1/9, 35, 23, , 
2017/1/10, 39, 20, , 
2017/1/11, 39, 27, , 1
2017/1/12, 39, 24, , 1
2017/1/13, 35, 16, , 1
2017/1/14, 51, 9, 1, 2
2017/1/15, 80, 14, 1, 1
2017/1/16, 63, 18, , 1
2017/1/17, 21, 26, , 
2017/1/18, 25, 10, , 1
2017/1/19, 44, 16, , 1
2017/1/20, 26, 27, 1, 1
2017/1/21, 31, 19, 1, 2
2017/1/22, 50, 18, 1, 1
2017/1/23, 38, 22, 10, 1
2017/1/24, 28, 18, 11, 1
2017/1/25, 38, 19, 10, 1
2017/1/26, 22, 22, , 1
2017/1/27, 33, 24, , 1
2017/1/28, 47, 25, , 1
2017/1/29, 28, 27, 1, 
2017/1/30, 31, 27, , 1
2017/1/31, 29, 26, , 1
2017/2/1, 26, 27, 1, 1
2017/2/2, 22, 27, , 1
2017/2/3, 28, 25, 1, 1
2017/2/4, 33, 17, , 2
2017/2/5, 52, 14, , 1
2017/2/6, 54, 19, 1, 
2017/2/7, 42, 24, , 1
2017/2/8, 32, 29, , 
2017/2/9, 37, 26, , 1
2017/2/10, 34, 29, 1, 1
2017/2/11, 53, 32, , 1
2017/2/12, 54, 32, , 1
2017/2/13, 26, 29, , 1
2017/2/14, 32, 32, , 1
2017/2/15, 22, 29, , 1
2017/2/16, 33, 36, 2, 1
2017/2/17, 36, 36, 2, 1
2017/2/18, 53, 31, , 1
2017/2/19, 70, 34, 2, 1
2017/2/20, 61, 18, , 1
2017/2/21, 59, 29, 2, 1
2017/2/22, 51, 17, , 
2017/2/23, 38, 23, , 1
2017/2/24, 35, 28, , 
2017/2/25, 28, 30, , 1
2017/2/26, 37, 38, , 1
2017/2/27, 45, 19, , 
2017/2/28, 36, 30, , 
2017/3/1, 49, 26, , 1
2017/3/2, 28, 32, , 1
2017/3/3, 39, 33, , 1
2017/3/4, 30, 35, , 1
2017/3/5, 43, 27, , 1
2017/3/6, 37, 34, , 
2017/3/7, 25, 35, , 1
2017/3/8, 26, 33, , 1
2017/3/9, 26, 32, , 1
2017/3/10, 22, 31, , 1
2017/3/11, 19, 32, , 1
2017/3/12, 24, 27, , 1
2017/3/13, 42, 31, , 1
2017/3/14, 38, 34, , 1
2017/3/15, 34, 36, , 1
2017/3/16, 36, 25, , 1
2017/3/17, 49, 23, , 1
2017/3/18, 28, 29, , 1
2017/3/19, 31, 31, , 1
2017/3/20, 45, 31, , 1
2017/3/21, 46, 35, , 1
2017/3/22, 29, 28, , 1
2017/3/23, 33, 37, , 1
2017/3/24, 63, 37, , 1
2017/3/25, 36, 20, , 1
2017/3/26, 34, 24, , 1
2017/3/27, 27, 27, , 1
2017/3/28, 30, 27, , 1
2017/3/29, 36, 34, , 
2017/3/30, 30, 28, , 
2017/3/31, 24, 38, 1, 
2016/10/1, 23, 25, , 1
2016/10/2, 21, 32, , 1
2016/10/3, 18, 37, , 1
2016/10/4, 32, 38, , 1
2016/10/5, 43, 41, , 1
2016/10/6, 44, , , 
2016/10/7, 36, , , 
2016/10/8, 34, 34, , 1
2016/10/9, 25, 37, 1, 1
2016/10/10, 27, 35, 1, 1
2016/10/11, 32, 22, , 1
2016/10/12, 40, 25, , 1
2016/10/13, 22, 27, , 1
2016/10/14, 23, 28, , 1
2016/10/17, 36, 26, , 1
2016/10/18, 36, 26, 1, 1
2016/10/19, 18, 18, 1, 1
2016/10/20, 24, 19, , 1
2016/10/21, 20, 25, 1, 1
2016/10/22, 16, 34, 1, 1
2016/10/23, 30, 29, , 1
2016/10/24, 27, 27, , 1
2016/10/25, 16, 29, , 1
2016/10/26, 23, 15, , 1
2016/10/27, 13, 22, , 1
2016/10/28, 28, 36, , 1
2016/10/29, 46, 18, , 1
2016/10/30, 28, 17, , 1
2016/10/31, 26, 34, , 1
2016/11/1, 40, 29, , 
2016/11/2, 42, 24, , 1
2016/11/3, 27, 26, , 1
2016/11/4, 25, 27, 1, 1
2016/11/7, 44, 21, , 1
2016/11/8, 46, 25, , 1
2016/11/9, 26, 25, 2, 1
2016/11/10, 26, 21, , 1
2016/11/11, 21, 26, , 1
2016/11/12, 31, 26, 1, 1
2016/11/13, 42, 28, , 1
2016/11/14, 26, 17, , 1
2016/11/15, 48, 23, , 1
2016/11/16, 45, 34, , 1
2016/11/17, 41, 26, , 1
2016/11/18, 40, 21, , 
2016/11/19, 32, 23, , 1
2016/11/20, 24, 22, , 1
2016/11/21, 33, 20, , 1
2016/11/22, 28, 18, , 1
2016/11/23, 19, 19, , 1
2016/11/24, 43, 19, , 1
2016/11/25, 27, 17, , 1
2016/11/26, 31, 11, , 1
2016/11/27, 40, 27, , 1
2016/11/28, 22, 22, , 1
2016/11/29, 22, 12, , 1
2016/11/30, 34, 13, , 1
2016/12/1, 18, 14, , 1
2016/12/2, 18, 20, , 1
2016/12/3, 13, 13, , 1
2016/12/4, 13, 20, , 1
2016/12/9, 21, 15, , 1
2016/12/10, 28, 19, , 1
2016/12/11, 36, 15, , 1
2016/12/12, 56, 23, , 1
2016/12/13, 43, 24, 3, 1
2016/12/14, 30, 24, , 1
2016/12/15, 19, 19, 1, 1
2016/12/16, 28, 22, , 1
2016/12/17, 46, 24, , 1
2016/12/18, 29, 24, , 1
2016/12/19, 32, 21, , 1
2016/12/20, 48, 15, , 1
2016/12/21, 55, 24, , 1
2016/12/22, 36, 14, , 1
2016/12/23, 51, 17, , 1
2016/12/24, 53, 12, , 1
2016/12/25, 57, 28, , 
2016/12/26, 24, 21, , 1
2016/12/27, 20, 19, , 1
2016/12/28, 25, 25, , 1
2016/12/29, 29, 23, , 1
2016/12/30, 19, 22, 1, 1
2016/12/31, 29, 21, , 1
2017/1/1, 44, 9, , 1
2016/4/1, 24, 25, , 1
2016/4/2, 28, 33, , 2
2016/4/3, 31, 30, , 1
2016/4/4, 35, 37, , 1
2016/4/5, 28, 27, , 1
2016/4/6, 29, 33, , 1
2016/4/7, 25, 28, , 1
2016/4/8, 21, 36, , 1
2016/4/9, 19, , , 
2016/4/10, 25, 31, , 1
2016/4/11, 37, 36, , 1
2016/4/12, 22, 41, , 1
2016/4/13, 30, 45, , 1
2016/4/14, 33, 46, , 1
2016/4/15, 34, 53, , 1
2016/4/16, 46, , , 
2016/4/17, 50, 53, , 1
2016/4/18, 44, 47, , 1
2016/4/19, 42, 39, , 1
2016/4/20, 42, 39, , 1
2016/4/21, 29, 32, , 1
2016/4/22, 32, 37, , 1
2016/4/23, 35, 43, , 1
2016/4/24, 44, 45, , 1
2016/4/25, 39, 35, , 1
2016/4/26, 42, 16, , 1
2016/4/27, 51, 42, , 1
2016/4/28, 19, 25, , 1
2016/4/29, 39, 23, , 1
2016/4/30, 38, 24, , 1
2016/5/1, 27, 33, , 1
2016/5/2, 31, 36, , 1
2016/5/3, 27, 36, 1, 1
2016/5/4, 24, 40, , 1
2016/5/5, 23, , , 
2016/5/6, 25, 39, , 
2016/5/7, 37, 36, , 1
2016/5/8, 33, 35, , 1
2016/5/9, 50, 43, , 1
2016/5/10, 27, 41, , 1
2016/5/11, 31, 37, 1, 1
2016/5/12, 22, 40, , 1
2016/5/13, 16, 33, , 1
2016/5/14, 20, 37, , 1
2016/5/15, 21, 39, , 1
2016/5/16, 22, 34, , 1
2016/5/17, 22, 40, , 1
2016/5/18, 26, 50, , 1
2016/5/19, 34, 40, , 1
2016/5/20, 29, , , 
2016/5/21, 39, , , 
2016/5/22, 41, 54, , 1
2016/5/23, 46, 57, , 1
2016/5/24, 44, 40, , 1
2016/5/25, 36, 39, 2, 1
2016/5/26, 28, 32, 1, 1
2016/5/27, 24, 37, , 1
2016/5/28, 39, 46, 3, 1
2016/5/29, 23, 45, 1, 1
2016/5/30, 19, 49, , 1
2016/5/31, 27, 38, , 1
2016/6/1, 31, 44, , 1
2016/6/2, 21, 46, , 1
2016/6/3, 18, 36, , 1
2016/6/4, 30, 36, , 1
2016/6/5, 23, 55, 1, 1
2016/6/6, 26, 34, , 1
2016/6/7, 18, 43, , 1
2016/6/8, 22, 52, , 1
2016/6/9, 33, 51, 2, 1
2016/6/10, 46, 45, , 1
2016/6/11, 47, 47, , 1
2016/6/12, 43, 57, , 1
2016/6/13, 30, 47, , 1
2016/6/14, 44, 47, , 1
2016/6/15, 34, 40, , 1
2016/6/16, 23, 47, , 1
2016/6/18, 35, 49, , 1
2016/6/19, 43, 42, 1, 1
2016/6/20, 42, 28, , 
2016/6/21, 22, 40, , 1
2016/6/22, 32, 42, 1, 1
2016/6/23, 45, 47, 1, 1
2016/6/24, 37, 53, 1, 1
2016/6/25, 45, 37, 1, 1
2016/6/26, 37, 45, 1, 
2016/6/27, 27, 33, , 1
2016/6/28, 27, 41, , 
2016/6/29, 17, 43, , 1
2016/6/30, 24, 39, , 1
2016/7/1, 31, 20, , 1
2016/7/2, 20, 31, , 1
2016/7/3, 25, , , 
2016/1/4, 12, 22, 1, 1
2016/1/5, 25, 16, , 1
2016/1/6, 30, 21, 1, 1
2016/1/7, 32, 16, , 1
2016/1/8, 28, 16, , 1
2016/1/9, 18, 27, , 1
2016/1/10, 46, 20, , 1
2016/1/11, 21, 24, 1, 1
2016/1/12, 42, 21, 1, 1
2016/1/13, 19, 32, , 1
2016/1/14, 34, 28, , 1
2016/1/15, 49, 20, , 1
2016/1/16, 41, 25, , 1
2016/1/17, 45, 24, , 1
2016/1/18, 29, 25, , 1
2016/1/19, 18, 25, , 1
2016/1/20, 40, 21, 1, 2
2016/1/21, 63, 23, 1, 2
2016/1/22, 56, 24, , 2
2016/1/23, 53, 27, 1, 1
2016/1/24, 45, 24, 1, 1
2016/1/25, 34, 24, , 1
2016/1/26, 27, 27, 1, 1
2016/1/27, 22, 24, , 1
2016/1/28, 21, 24, , 1
2016/1/29, 25, 27, 2, 1
2016/1/30, 36, 28, , 1
2016/1/31, 48, 26, , 1
2016/2/1, 31, 17, 1, 1
2016/2/2, 41, 26, , 1
2016/2/3, 24, 26, , 1
2016/2/4, 15, 22, , 1
2016/2/5, 32, 25, 1, 1
2016/2/6, 48, 29, , 1
2016/2/7, 43, 23, , 1
2016/2/8, 20, 25, , 1
2016/2/9, 27, 25, , 1
2016/2/10, 36, 29, , 1
2016/2/11, 15, 29, , 1
2016/2/12, 18, 30, , 1
2016/2/13, 22, 27, 2, 1
2016/2/14, 17, 23, 1, 1
2016/2/15, 47, 26, 1, 1
2016/2/16, 30, 24, , 1
2016/2/17, 32, 25, 2, 1
2016/2/18, 34, 33, , 1
2016/2/19, 34, 26, 1, 1
2016/2/20, 19, 21, , 1
2016/2/21, 24, 26, 1, 1
2016/2/22, 24, 29, 1, 1
2016/2/23, 29, 27, , 1
2016/2/24, 21, 28, , 1
2016/2/25, 11, 25, , 1
2016/2/26, 15, 30, , 1
2016/2/27, 28, 38, 1, 1
2016/2/28, 48, 28, 2, 1
2016/2/29, 24, 27, , 1
2016/3/1, 17, 31, 1, 1
2016/3/2, 17, 20, 1, 1
2016/3/3, 27, 32, , 1
2016/3/4, 30, , , 
2016/3/5, 31, 23, 1, 1
2016/3/6, 19, 34, , 1
2016/3/7, 29, 35, , 1
2016/3/8, 34, 29, , 1
2016/3/9, 37, 15, 1, 1
2016/3/10, 22, 25, , 1
2016/3/11, 21, 18, 1, 2
2016/3/12, 33, 26, , 1
2016/3/13, 20, 22, , 2
2016/3/14, 17, 15, , 2
2016/3/15, 24, 28, 2, 
2016/3/16, 15, 33, , 1
2016/3/17, 14, 26, , 2
2016/3/18, 31, 24, 1, 2
2016/3/19, 34, 31, 1, 1
2016/3/20, 17, 34, , 1
2016/3/21, 27, 39, , 1
2016/3/22, 35, 35, , 1
2016/3/23, 28, 30, , 1
2016/3/24, 32, 34, , 1
2016/3/25, 21, 35, , 2
2016/3/26, 24, 35, , 2
2016/3/27, 39, 34, , 1
2016/3/28, 17, 36, , 1
2016/3/29, 24, 32, , 2
2016/3/30, 35, 33, , 1
2016/3/31, 22, 28, , 1
2015/10/1, 21, 26, , 1
2015/10/2, 13, 26, , 1
2015/10/3, 22, 18, , 1
2015/10/4, 19, 14, , 1
2015/10/5, 44, 19, , 1
2015/10/6, 49, 42, , 1
2015/10/7, 37, 31, 1, 1
2015/10/8, 39, 23, , 1
2015/10/9, 30, 33, 3, 
2015/10/10, 18, 33, 1, 1
2015/10/11, 23, 32, , 1
2015/10/12, 36, 25, , 1
2015/10/13, 17, 28, , 1
2015/10/14, 15, 34, , 1
2015/10/15, 22, 27, , 1
2015/10/16, 18, 28, , 1
2015/10/17, 19, 33, , 1
2015/10/18, 22, 35, 1, 1
2015/10/19, 27, 42, 1, 1
2015/10/20, 37, 43, , 1
2015/10/21, 48, 48, 1, 1
2015/10/22, 52, 30, 1, 1
2015/10/23, 37, 19, 1, 1
2015/10/24, 27, 27, , 1
2015/10/25, 15, 28, , 1
2015/10/26, 20, 15, , 1
2015/10/27, 24, 14, , 1
2015/10/28, 19, 16, , 1
2015/10/29, 12, 27, , 1
2015/10/30, 22, 18, 2, 1
2015/10/31, 25, 23, 13, 1
2015/11/1, 21, 29, 43, 1
2015/11/2, 30, 20, 51, 1
2015/11/3, 31, 26, 41, 1
2015/11/4, 41, 21, 28, 1
2015/11/5, 37, 20, 33, 1
2015/11/6, 30, 25, 47, 1
2015/11/7, 32, 27, , 1
2015/11/8, 38, 27, 97, 1
2015/11/9, 44, 34, 93, 1
2015/11/10, 49, 26, 43, 1
2015/11/11, 37, 22, 27, 1
2015/11/12, 35, 25, 1, 1
2015/11/13, 16, 26, 1, 1
2015/11/14, 30, 29, 1, 1
2015/11/15, 27, 21, , 1
2015/11/16, 35, 26, , 1
2015/11/17, 44, 28, , 
2015/11/18, 36, 26, , 
2015/11/19, 14, 25, , 
2015/11/20, 11, 28, , 
2015/11/21, 15, 23, , 1
2015/11/22, 29, 20, 1, 1
2015/11/23, 20, 17, 5, 1
2015/11/24, 37, 30, , 1
2015/11/25, 43, , , 
2015/11/26, 38, 24, , 1
2015/11/27, 21, 19, , 1
2015/11/28, 18, 17, , 1
2015/11/29, 24, 16, 4, 1
2015/11/30, 30, 22, 4, 1
2015/12/1, 16, 20, , 1
2015/12/2, 24, 16, 1, 1
2015/12/3, 34, 15, 1, 1
2015/12/4, 28, 13, 5, 1
2015/12/5, 28, 20, , 2
2015/12/6, 40, 23, , 1
2015/12/7, 41, 24, , 
2015/12/8, 42, 21, , 1
2015/12/9, 29, 20, , 1
2015/12/10, 27, 17, , 1
2015/12/11, 40, 16, , 1
2015/12/12, 42, 24, , 1
2015/12/13, 29, 34, , 1
2015/12/14, 19, 11, , 1
2015/12/15, 13, 21, , 1
2015/12/16, 30, 21, , 1
2015/12/17, 17, 27, , 1
2015/12/18, 14, 18, 4, 1
2015/12/19, 24, 23, , 1
2015/12/20, 19, 23, , 1
2015/12/21, 28, 14, , 1
2015/12/22, 36, 28, , 
2015/12/23, 21, 22, 1, 
2015/12/24, 16, 19, , 
2015/12/25, 23, 15, , 
2015/12/26, 22, 24, , 
2015/12/27, 12, 23, , 
2015/12/28, 13, 23, , 
2015/12/29, 17, 25, , 
2015/12/30, 27, 25, , 
2015/12/31, 25, , , 
2016/1/3, 20, 24, , 1
2015/7/16, 35, 40, 2, 1
2015/7/17, 51, 37, 1, 1
2015/7/18, 34, 29, , 1
2015/7/19, 30, 32, , 
2015/7/20, 30, 34, 2, 
2015/7/21, 31, 29, , 1
2015/7/22, 29, 44, 3, 1
2015/7/23, 38, 46, , 1
2015/7/24, 43, 47, 2, 2
2015/7/25, 48, 33, , 1
2015/7/26, 25, 29, , 
2015/7/27, 27, 36, 1, 
2015/7/28, 38, 33, 1, 
2015/7/29, 23, 19, , 
2015/8/18, 28, 29, 2, 1
2015/8/19, 17, 28, 1, 1
2015/8/20, 24, 26, , 
2015/8/21, 24, 38, 2, 1
2015/8/22, 33, 38, 1, 1
2015/8/23, 37, 23, 1, 1
2015/8/24, 24, 29, 1, 
2015/8/25, 16, 34, , 
2015/8/26, 23, 27, 1, 1
2015/8/27, 33, 35, 1, 1
2015/8/28, 38, 42, 2, 1
2015/8/29, 45, 38, 1, 1
2015/8/30, 55, 41, 1, 1
2015/8/31, 56, 35, 2, 1
2015/9/1, 46, 38, 1, 1
2015/9/2, 53, 41, 1, 1
2015/9/3, 52, 43, 2, 1
2015/9/4, 49, 41, 1, 1
2015/9/5, 47, 40, 2, 1
2015/9/6, 61, 48, 1, 2
2015/9/7, 53, 43, 2, 2
2015/9/8, 41, 34, 1, 1
2015/9/9, 26, 33, 1, 1
2015/9/10, 26, 40, 2, 1
2015/9/11, 19, 28, , 1
2015/9/12, 12, 27, , 1
2015/9/13, 18, 33, 1, 1
2015/9/14, 21, 37, 8, 1
2015/9/15, 28, 43, 2, 1
2015/9/16, 40, 42, 2, 2
2015/9/17, 45, 43, 2, 2
2015/9/18, 44, 28, 1, 1
2015/9/23, 33, 48, 1, 2
2015/9/24, 46, 46, , 1
2015/9/25, 42, 52, 1, 1
2015/9/26, 27, 34, , 1
2015/9/27, 26, , , 
2015/9/28, 37, 35, , 1
2015/9/29, 44, 26, 1, 1
2015/9/30, 16, 28, , 1
2015/4/1, 40, 39, 4, 1
2015/4/2, 39, 33, 2, 1
2015/4/3, 29, 25, , 1
2015/4/4, 27, , , 
2015/4/5, 22, 30, 3, 1
2015/4/6, 39, 12, 1, 1
2015/4/7, 45, 27, 3, 1
2015/4/8, 43, 30, 3, 1
2015/4/9, 36, 38, , 1
2015/4/10, 27, 39, 3, 1
2015/4/11, 30, 38, 4, 1
2015/4/12, 38, 37, 1, 1
2015/4/13, 28, 33, 1, 1
2015/4/14, 20, 43, 1, 1
2015/4/15, 28, 29, 1, 1
2015/4/16, 51, 47, 1, 1
2015/4/17, 48, 56, 2, 1
2015/4/18, 58, 27, , 2
2015/4/19, 45, 27, , 1
2015/4/20, 29, 37, , 1
2015/4/21, 20, 30, , 1
2015/4/22, 24, 41, , 1
2015/4/23, 21, 41, 4, 1
2015/4/24, 32, , , 
2015/4/25, 40, 21, , 1
2015/4/26, 43, 37, , 1
2015/4/27, 21, 42, , 1
2015/4/28, 29, 42, 1, 1
2015/4/30, 24, 42, , 1
2015/5/1, 26, 49, , 1
2015/5/2, 38, 53, , 1
2015/5/3, 43, 40, , 1
2015/5/4, 56, 49, , 1
2015/5/5, 57, 51, , 1
2015/5/6, 46, 45, 1, 1
2015/5/7, 57, 34, 1, 1
2015/5/8, 34, 39, 1, 1
2015/5/9, 22, 38, 1, 1
2015/5/10, 26, 35, 2, 1
2015/5/11, 24, 36, , 1
2015/5/12, 19, 37, , 1
2015/5/13, 27, 35, , 1
2015/5/14, 26, 41, , 1
2015/5/15, 45, 26, 1, 1
2015/5/16, 31, 30, 2, 1
2015/5/17, 31, 39, 1, 1
2015/5/18, 44, 25, , 1
2015/5/19, 22, 31, , 1
2015/5/20, 29, 43, , 1
2015/5/21, 39, 51, , 1
2015/5/22, 26, 53, 1, 1
2015/5/23, 38, 41, 1, 1
2015/5/24, 51, 40, 1, 1
2015/5/25, 30, 39, , 1
2015/5/26, 34, 39, 2, 1
2015/5/27, 28, 49, 2, 1
2015/5/28, 33, 36, 1, 1
2015/5/29, 48, 28, , 1
2015/5/30, 30, 21, , 1
2015/5/31, 33, 36, , 1
2015/6/1, 27, 44, , 1
2015/6/2, 35, 47, 1, 1
2015/6/3, 43, 41, 4, 1
2015/6/4, 54, 46, 1, 1
2015/6/5, 53, 19, , 1
2015/6/6, 45, 40, , 1
2015/6/7, 59, 42, , 
2015/6/8, 23, 55, , 1
2015/6/9, 52, 54, 1, 1
2015/6/10, 49, 45, 2, 
2015/6/11, 48, 40, 3, 1
2015/6/12, 45, , , 
2015/1/29, 66, 20, , 1
2015/1/30, 16, 25, , 1
2015/1/31, 46, 15, 1, 1
2015/2/1, 53, 27, 2, 1
2015/2/2, 22, 30, , 1
2015/2/3, 29, 21, , 1
2015/2/4, 53, 27, , 1
2015/2/5, 51, 27, , 1
2015/2/6, 43, 20, , 1
2015/2/7, 49, , , 
2015/2/8, 72, , , 
2015/2/9, 48, , , 
2015/2/10, 36, 28, 1, 1
2015/2/11, 48, 22, , 1
2015/2/12, 22, 28, , 1
2015/2/13, 33, 21, 26, 2
2015/2/14, 33, 29, 1, 1
2015/2/15, 24, 21, , 1
2015/2/16, 31, 23, , 1
2015/2/17, 38, 27, , 1
2015/2/18, 36, 28, , 1
2015/2/19, 35, 27, , 2
2015/2/20, 45, 26, 5, 2
2015/2/21, 61, 29, 3, 2
2015/2/22, 53, 28, 1, 1
2015/2/23, 41, 30, , 1
2015/2/24, 46, 32, 1, 1
2015/2/25, 34, 34, 5, 1
2015/2/26, 42, 32, 1, 1
2015/2/27, 47, 33, 1, 1
2015/2/28, 59, 33, 7, 1
2015/3/1, 58, 41, 3, 1
2015/3/2, 63, 36, 1, 1
2015/3/3, 56, 33, 2, 1
2015/3/4, 39, 35, , 1
2015/3/5, 34, 35, , 1
2015/3/6, 56, 39, 2, 1
2015/3/7, 45, 41, 1, 1
2015/3/8, 49, 34, 1, 1
2015/3/9, 61, 31, , 1
2015/3/10, 58, 28, 1, 1
2015/3/11, 51, 34, 1, 2
2015/3/12, 64, 35, , 1
2015/3/13, 40, 19, 2, 2
2015/3/14, 32, 32, 1, 1
2015/3/15, 30, 34, 3, 1
2015/3/16, 37, 39, 1, 1
2015/3/17, 21, 32, , 1
2015/3/18, 26, 32, 1, 1
2015/3/19, 40, 31, 1, 1
2015/3/20, 57, 30, , 1
2015/3/21, 47, 33, , 1
2015/3/22, 34, 33, , 1
2015/3/23, 36, 23, , 1
2015/3/24, 52, 23, 1, 1
2015/3/25, 56, 18, , 1
2015/3/26, 31, 30, , 1
2015/3/27, 21, 33, , 1
2015/3/28, 28, 36, , 1
2015/3/29, 34, 31, 6, 1
2015/3/30, 26, 36, , 1
2015/3/31, 31, 37, 4, 1
2022/5/20, , 28, 1, 
2022/5/21, , 33, 1, 
2022/1/2, , 23, 1, 
2022/2/5, , 37, 1, 1
2021/1/3, , 19, 1, 
2021/2/24, , 30, 1, 1
2021/2/25, , 26, 1, 1
2021/2/26, , 26, 1, 1
2021/2/27, , 24, 1, 1
2021/2/28, , 26, 1, 1
2021/3/1, , 30, 1, 1
2019/12/31, , 24, , 1
2019/10/29, , 13, , 
2019/10/30, , 19, , 
2019/10/31, , 24, 1, 
2019/9/14, , 28, 1, 
2019/9/15, , 35, 1, 1
2019/5/29, , 37, 1, 
2019/5/30, , 38, 1, 
2018/12/31, , 16, , 
2019/1/24, , 28, 1, 
2019/1/25, , 24, , 
2019/1/27, , 32, 1, 
2019/1/28, , 32, , 
2019/1/29, , 28, , 
2019/1/30, , 23, , 
2019/1/31, , 20, 1, 
2019/2/1, , 17, , 
2019/2/2, , 24, , 
2019/2/3, , 19, , 
2017/12/10, , 18, 1, 1
2017/12/11, , 23, , 1
2017/12/12, , 11, , 1
2017/5/17, , 44, , 1
2017/5/18, , 18, , 1
2017/5/19, , 34, , 1
2017/5/20, , 30, , 
2017/5/21, , 43, , 
2017/5/22, , 40, , 1
2016/9/30, , 26, , 1
2016/10/15, , 24, , 1
2016/10/16, , 31, , 1
2016/11/5, , 31, , 1
2016/11/6, , 36, , 1
2016/12/5, , 14, , 1
2016/12/6, , 16, , 1
2016/12/7, , 15, , 1
2016/12/8, , 22, , 1
2016/6/17, , 54, , 1
2015/7/1, , 37, 2, 1
2015/7/2, , 41, , 1
2015/7/3, , 56, 1, 14
2015/7/4, , 44, 2, 6
2015/7/5, , 44, 2, 6
2015/7/6, , 33, 1, 3
2015/7/7, , 29, 1, 2
2015/7/8, , 25, , 1
2015/7/9, , 24, 1, 1
2015/7/10, , 36, , 2
2015/7/11, , 28, , 2
2015/7/12, , 30, , 
2015/7/13, , 30, , 
2015/7/14, , 37, , 1
2015/7/30, , 33, , 
2015/7/31, , 34, 1, 
2015/8/1, , 35, 1, 
2015/8/2, , 39, 1, 
2015/8/3, , 34, 1, 
2015/8/4, , 32, , 
2015/8/5, , 41, 1, 
2015/8/6, , 40, , 
2015/8/7, , 35, 1, 
2015/8/8, , 36, 1, 
2015/8/9, , 29, 1, 
2015/8/10, , 32, 1, 
2015/8/11, , 26, 1, 
2015/8/12, , 29, , 
2015/8/13, , 36, 1, 
2015/8/14, , 36, 1, 1
2015/8/15, , 19, , 1
2015/8/17, , 38, 1, 1
2015/9/19, , 25, , 
2015/9/20, , 33, , 
2015/9/21, , 29, 1, 14
2015/9/22, , 31, 2, 8
2015/4/29, , 28, , 1
2015/6/14, , 24, , 
2015/6/15, , 37, , 
2015/6/16, , 19, 1, 
2015/6/17, , 21, 2, 
2015/6/18, , 28, , 1
2015/6/19, , 22, , 1
2015/6/21, , 23, , 1
2015/6/22, , 39, , 
2015/6/23, , 29, , 1
2015/6/24, , 40, , 
2015/6/25, , 38, , 1
2015/6/26, , 41, 1, 1
2015/6/27, , 36, 2, 1
2015/6/28, , 39, 1, 1
2015/6/29, , 42, 1, 1
2015/6/30, , 33, 2, 1
2015/1/15, , 11, , 1
2015/1/26, , 15, , 1
2015/1/27, , 24, 1, 1